shape,prec,schedule,L,period,nsplit,data_edges,lap_edges,skew,drain,outs_pe,mac_tile_cycle,pct_peak,area_um2,gmacs_mm2,area_basis,choice,sram,sec10_pct,stall_pct,prefetch_pct,stall_gmacs,prefetch_gmacs,prefetch_buffer_kb,nobuf_prefetch_pct,buffered_pct,buffered_gmacs,buffered_mac_tile_cycle,buffer_order,buffer_kb
1PE,INT8,T1,128,72,1,8,56,0,8,8,0.22222,11.11,46096.5,123.41,routed,,,,,,,,,,,,,,
1PE,INT8,T1,256,80,1,16,56,0,8,8,0.4,20.0,46096.5,222.14,routed,,,,,,,,,,,,,,
1PE,INT8,T1,1024,128,1,64,56,0,8,8,1.0,50.0,46096.5,555.36,routed,,,,,,,,,,,,,,
1PE,INT8,T1,4096,320,1,256,56,0,8,8,1.6,80.0,46096.5,888.57,routed,,,,,,,,,,,,,,
1PE,INT8,T1,65536,4224,2,4096,112,0,16,8,1.93939,96.97,46096.5,1077.06,routed,,,,,,,,,,,,,,
1PE,INT8,T2 S=2,128,36,1,4,24,0,8,4,0.22222,11.11,46233.7,123.05,routed + Horner PLACEHOLDER,,,,,,,,,,,,,,
1PE,INT8,T2 S=2,256,40,1,8,24,0,8,4,0.4,20.0,46233.7,221.48,routed + Horner PLACEHOLDER,,,,,,,,,,,,,,
1PE,INT8,T2 S=2,1024,64,1,32,24,0,8,4,1.0,50.0,46233.7,553.71,routed + Horner PLACEHOLDER,,,,,,,,,,,,,,
1PE,INT8,T2 S=2,4096,160,1,128,24,0,8,4,1.6,80.0,46233.7,885.93,routed + Horner PLACEHOLDER,,,,,,,,,,,,,,
1PE,INT8,T2 S=2,65536,2080,1,2048,24,0,8,4,1.96923,98.46,46233.7,1090.38,routed + Horner PLACEHOLDER,,,,,,,,,,,,,,
1PE,INT8,T2 S=4,128,18,1,2,8,0,8,2,0.22222,11.11,46233.7,123.05,routed + Horner PLACEHOLDER,,,,,,,,,,,,,,
1PE,INT8,T2 S=4,256,20,1,4,8,0,8,2,0.4,20.0,46233.7,221.48,routed + Horner PLACEHOLDER,,,,,,,,,,,,,,
1PE,INT8,T2 S=4,1024,32,1,16,8,0,8,2,1.0,50.0,46233.7,553.71,routed + Horner PLACEHOLDER,,,,,,,,,,,,,,
1PE,INT8,T2 S=4,4096,80,1,64,8,0,8,2,1.6,80.0,46233.7,885.93,routed + Horner PLACEHOLDER,,,,,,,,,,,,,,
1PE,INT8,T2 S=4,65536,1040,1,1024,8,0,8,2,1.96923,98.46,46233.7,1090.38,routed + Horner PLACEHOLDER,,,,,,,,,,,,,,
1PE,INT8,T2 S=8,128,9,1,1,0,0,8,1,0.22222,11.11,46092.1,123.42,routed + Horner PLACEHOLDER - routed ring,,,,,,,,,,,,,,
1PE,INT8,T2 S=8,256,10,1,2,0,0,8,1,0.4,20.0,46092.1,222.16,routed + Horner PLACEHOLDER - routed ring,,,,,,,,,,,,,,
1PE,INT8,T2 S=8,1024,16,1,8,0,0,8,1,1.0,50.0,46092.1,555.41,routed + Horner PLACEHOLDER - routed ring,,,,,,,,,,,,,,
1PE,INT8,T2 S=8,4096,40,1,32,0,0,8,1,1.6,80.0,46092.1,888.65,routed + Horner PLACEHOLDER - routed ring,,,,,,,,,,,,,,
1PE,INT8,T2 S=8,65536,520,1,512,0,0,8,1,1.96923,98.46,46092.1,1093.73,routed + Horner PLACEHOLDER - routed ring,,,,,,,,,,,,,,
1PE,INT8,T3,128,23,1,8,7,0,8,8,0.69565,34.78,47066.1,378.38,routed lap + synthesized IPD delta (ESTIMATE),,,,,,,,,,,,,,
1PE,INT8,T3,256,31,1,16,7,0,8,8,1.03226,51.61,47066.1,561.46,routed lap + synthesized IPD delta (ESTIMATE),,,,,,,,,,,,,,
1PE,INT8,T3,1024,79,1,64,7,0,8,8,1.62025,81.01,47066.1,881.28,routed lap + synthesized IPD delta (ESTIMATE),,,,,,,,,,,,,,
1PE,INT8,T3,4096,271,1,256,7,0,8,8,1.8893,94.46,47066.1,1027.62,routed lap + synthesized IPD delta (ESTIMATE),,,,,,,,,,,,,,
1PE,INT8,T3,65536,4126,2,4096,14,0,16,8,1.98546,99.27,47066.1,1079.92,routed lap + synthesized IPD delta (ESTIMATE),,,,,,,,,,,,,,
1PE,INT8,T4,128,65,1,8,49,0,8,8,0.24615,12.31,48649.2,129.53,routed + T4 tile/rotator PLACEHOLDER,,,,,,,,,,,,,,
1PE,INT8,T4,256,67,1,16,43,0,8,8,0.47761,23.88,48649.2,251.33,routed + T4 tile/rotator PLACEHOLDER,,,,,,,,,,,,,,
1PE,INT8,T4,1024,79,1,64,7,0,8,8,1.62025,81.01,48649.2,852.6,routed + T4 tile/rotator PLACEHOLDER,,,,,,,,,,,,,,
1PE,INT8,T4,4096,271,1,256,7,0,8,8,1.8893,94.46,48649.2,994.18,routed + T4 tile/rotator PLACEHOLDER,,,,,,,,,,,,,,
1PE,INT8,T4,65536,4126,2,4096,14,0,16,8,1.98546,99.27,48649.2,1044.78,routed + T4 tile/rotator PLACEHOLDER,,,,,,,,,,,,,,
1PE,INT8,"H(2,8)",128,88,1,16,64,0,8,16,0.36364,18.18,46697.4,199.35,routed + H combiner PLACEHOLDER,"(2,8)",,,,,,,,,,,,,
1PE,INT8,"H(2,8)",256,104,1,32,64,0,8,16,0.61538,30.77,46697.4,337.36,routed + H combiner PLACEHOLDER,"(2,8)",,,,,,,,,,,,,
1PE,INT8,"H(2,8)",1024,200,1,128,64,0,8,16,1.28,64.0,46697.4,701.71,routed + H combiner PLACEHOLDER,"(2,8)",,,,,,,,,,,,,
1PE,INT8,"H(2,8)",4096,584,1,512,64,0,8,16,1.75342,87.67,46697.4,961.25,routed + H combiner PLACEHOLDER,"(2,8)",,,,,,,,,,,,,
1PE,INT8,"H(2,8)",65536,8480,4,8192,256,0,32,16,1.93208,96.6,46697.4,1059.18,routed + H combiner PLACEHOLDER,"(2,8)",,,,,,,,,,,,,
1PE,INT8,"H(4,4)",128,72,1,16,48,0,8,16,0.44444,22.22,46834.6,242.94,routed + H combiner PLACEHOLDER + column Horner PLACEHOLDER,"(4,4)",,,,,,,,,,,,,
1PE,INT8,"H(4,4)",256,88,1,32,48,0,8,16,0.72727,36.36,46834.6,397.53,routed + H combiner PLACEHOLDER + column Horner PLACEHOLDER,"(4,4)",,,,,,,,,,,,,
1PE,INT8,"H(4,4)",1024,184,1,128,48,0,8,16,1.3913,69.57,46834.6,760.49,routed + H combiner PLACEHOLDER + column Horner PLACEHOLDER,"(4,4)",,,,,,,,,,,,,
1PE,INT8,"H(4,4)",4096,568,1,512,48,0,8,16,1.80282,90.14,46834.6,985.43,routed + H combiner PLACEHOLDER + column Horner PLACEHOLDER,"(4,4)",,,,,,,,,,,,,
1PE,INT8,"H(4,4)",65536,8304,2,8192,96,0,16,16,1.97303,98.65,46834.6,1078.46,routed + H combiner PLACEHOLDER + column Horner PLACEHOLDER,"(4,4)",,,,,,,,,,,,,
1PE,INT8,"H(4,8)",128,120,1,32,80,0,8,32,0.53333,26.67,46697.4,292.38,routed + H combiner PLACEHOLDER,"(4,8)",,,,,,,,,,,,,
1PE,INT8,"H(4,8)",256,152,1,64,80,0,8,32,0.84211,42.11,46697.4,461.65,routed + H combiner PLACEHOLDER,"(4,8)",,,,,,,,,,,,,
1PE,INT8,"H(4,8)",1024,344,1,256,80,0,8,32,1.48837,74.42,46697.4,815.94,routed + H combiner PLACEHOLDER,"(4,8)",,,,,,,,,,,,,
1PE,INT8,"H(4,8)",4096,1112,1,1024,80,0,8,32,1.84173,92.09,46697.4,1009.65,routed + H combiner PLACEHOLDER,"(4,8)",,,,,,,,,,,,,
1PE,INT8,"H(4,8)",65536,17792,16,16384,1280,0,128,32,1.84173,92.09,46697.4,1009.65,routed + H combiner PLACEHOLDER,"(4,8)",,,,,,,,,,,,,
1PE,INT8,"H(8,8)",128,184,1,64,112,0,8,64,0.69565,34.78,46697.4,381.36,routed + H combiner PLACEHOLDER,"(8,8)",,,,,,,,,,,,,
1PE,INT8,"H(8,8)",256,248,1,128,112,0,8,64,1.03226,51.61,46697.4,565.89,routed + H combiner PLACEHOLDER,"(8,8)",,,,,,,,,,,,,
1PE,INT8,"H(8,8)",1024,936,3,576,336,0,24,64,1.09402,54.7,46697.4,599.75,routed + H combiner PLACEHOLDER,"(8,8)",,,,,,,,,,,,,
1PE,INT8,"H(8,8)",4096,3384,9,2304,1008,0,72,64,1.2104,60.52,46697.4,663.56,routed + H combiner PLACEHOLDER,"(8,8)",,,,,,,,,,,,,
1PE,INT8,"H(8,8)",65536,48504,129,33024,14448,0,1032,64,1.35115,67.56,46697.4,740.71,routed + H combiner PLACEHOLDER,"(8,8)",,,,,,,,,,,,,
1PE,INT8,H best,128,184,1,64,112,0,8,64,0.69565,34.78,46697.4,381.36,routed + H combiner PLACEHOLDER,"(8,8)",,,,,,,,,,,,,
1PE,INT8,H best,256,248,1,128,112,0,8,64,1.03226,51.61,46697.4,565.89,routed + H combiner PLACEHOLDER,"(8,8)",,,,,,,,,,,,,
1PE,INT8,H best,1024,344,1,256,80,0,8,32,1.48837,74.42,46697.4,815.94,routed + H combiner PLACEHOLDER,"(4,8)",,,,,,,,,,,,,
1PE,INT8,H best,4096,1112,1,1024,80,0,8,32,1.84173,92.09,46697.4,1009.65,routed + H combiner PLACEHOLDER,"(4,8)",,,,,,,,,,,,,
1PE,INT8,H best,65536,4136,1,4096,32,0,8,8,1.98066,99.03,46834.6,1082.64,routed + H combiner PLACEHOLDER + column Horner PLACEHOLDER,"(2,4)",,,,,,,,,,,,,
1PE,INT8,H3 best,128,86,1,64,14,0,8,64,1.48837,74.42,47667.0,799.34,"routed + T3 laps (synth. delta, ESTIMATE) + H combiner PLACEHOLDER","(8,8)",,,,,,,,,,,,,
1PE,INT8,H3 best,256,150,1,128,14,0,8,64,1.70667,85.33,47667.0,916.58,"routed + T3 laps (synth. delta, ESTIMATE) + H combiner PLACEHOLDER","(8,8)",,,,,,,,,,,,,
1PE,INT8,H3 best,1024,274,1,256,10,0,8,32,1.86861,93.43,47667.0,1003.56,"routed + T3 laps (synth. delta, ESTIMATE) + H combiner PLACEHOLDER","(4,8)",,,,,,,,,,,,,
1PE,INT8,H3 best,4096,1042,1,1024,10,0,8,32,1.96545,98.27,47667.0,1055.56,"routed + T3 laps (synth. delta, ESTIMATE) + H combiner PLACEHOLDER","(4,8)",,,,,,,,,,,,,
1PE,INT8,H3 best,65536,4126,2,4096,14,0,16,8,1.98546,99.27,47066.1,1079.92,"routed + T3 laps (synth. delta, ESTIMATE)","(1,8)",,,,,,,,,,,,,
1PE,W4A8,T1,128,36,1,4,24,0,8,8,0.44444,11.11,46096.5,246.83,routed,,,,,,,,,,,,,,
1PE,W4A8,T1,256,40,1,8,24,0,8,8,0.8,20.0,46096.5,444.29,routed,,,,,,,,,,,,,,
1PE,W4A8,T1,1024,64,1,32,24,0,8,8,2.0,50.0,46096.5,1110.71,routed,,,,,,,,,,,,,,
1PE,W4A8,T1,4096,160,1,128,24,0,8,8,3.2,80.0,46096.5,1777.14,routed,,,,,,,,,,,,,,
1PE,W4A8,T1,65536,2080,1,2048,24,0,8,8,3.93846,98.46,46096.5,2187.25,routed,,,,,,,,,,,,,,
1PE,W4A8,T2 S=2,128,18,1,2,8,0,8,4,0.44444,11.11,46233.7,246.09,routed + Horner PLACEHOLDER,,,,,,,,,,,,,,
1PE,W4A8,T2 S=2,256,20,1,4,8,0,8,4,0.8,20.0,46233.7,442.97,routed + Horner PLACEHOLDER,,,,,,,,,,,,,,
1PE,W4A8,T2 S=2,1024,32,1,16,8,0,8,4,2.0,50.0,46233.7,1107.42,routed + Horner PLACEHOLDER,,,,,,,,,,,,,,
1PE,W4A8,T2 S=2,4096,80,1,64,8,0,8,4,3.2,80.0,46233.7,1771.87,routed + Horner PLACEHOLDER,,,,,,,,,,,,,,
1PE,W4A8,T2 S=2,65536,1040,1,1024,8,0,8,4,3.93846,98.46,46233.7,2180.76,routed + Horner PLACEHOLDER,,,,,,,,,,,,,,
1PE,W4A8,T2 S=4,128,9,1,1,0,0,8,2,0.44444,11.11,46092.1,246.85,routed + Horner PLACEHOLDER - routed ring,,,,,,,,,,,,,,
1PE,W4A8,T2 S=4,256,10,1,2,0,0,8,2,0.8,20.0,46092.1,444.33,routed + Horner PLACEHOLDER - routed ring,,,,,,,,,,,,,,
1PE,W4A8,T2 S=4,1024,16,1,8,0,0,8,2,2.0,50.0,46092.1,1110.82,routed + Horner PLACEHOLDER - routed ring,,,,,,,,,,,,,,
1PE,W4A8,T2 S=4,4096,40,1,32,0,0,8,2,3.2,80.0,46092.1,1777.31,routed + Horner PLACEHOLDER - routed ring,,,,,,,,,,,,,,
1PE,W4A8,T2 S=4,65536,520,1,512,0,0,8,2,3.93846,98.46,46092.1,2187.46,routed + Horner PLACEHOLDER - routed ring,,,,,,,,,,,,,,
1PE,W4A8,T3,128,15,1,4,3,0,8,8,1.06667,26.67,47066.1,580.18,routed lap + synthesized IPD delta (ESTIMATE),,,,,,,,,,,,,,
1PE,W4A8,T3,256,19,1,8,3,0,8,8,1.68421,42.11,47066.1,916.07,routed lap + synthesized IPD delta (ESTIMATE),,,,,,,,,,,,,,
1PE,W4A8,T3,1024,43,1,32,3,0,8,8,2.97674,74.42,47066.1,1619.1,routed lap + synthesized IPD delta (ESTIMATE),,,,,,,,,,,,,,
1PE,W4A8,T3,4096,139,1,128,3,0,8,8,3.68345,92.09,47066.1,2003.49,routed lap + synthesized IPD delta (ESTIMATE),,,,,,,,,,,,,,
1PE,W4A8,T3,65536,2059,1,2048,3,0,8,8,3.97863,99.47,47066.1,2164.04,routed lap + synthesized IPD delta (ESTIMATE),,,,,,,,,,,,,,
1PE,W4A8,T4,128,33,1,4,21,0,8,8,0.48485,12.12,48649.2,255.14,routed + T4 tile/rotator PLACEHOLDER,,,,,,,,,,,,,,
1PE,W4A8,T4,256,35,1,8,19,0,8,8,0.91429,22.86,48649.2,481.11,routed + T4 tile/rotator PLACEHOLDER,,,,,,,,,,,,,,
1PE,W4A8,T4,1024,47,1,32,7,0,8,8,2.7234,68.09,48649.2,1433.1,routed + T4 tile/rotator PLACEHOLDER,,,,,,,,,,,,,,
1PE,W4A8,T4,4096,143,1,128,7,0,8,8,3.58042,89.51,48649.2,1884.08,routed + T4 tile/rotator PLACEHOLDER,,,,,,,,,,,,,,
1PE,W4A8,T4,65536,2063,1,2048,7,0,8,8,3.97092,99.27,48649.2,2089.56,routed + T4 tile/rotator PLACEHOLDER,,,,,,,,,,,,,,
1PE,W4A8,"H(4,4)",128,72,1,16,48,0,8,32,0.88889,22.22,46697.4,487.3,routed + H combiner PLACEHOLDER,"(4,4)",,,,,,,,,,,,,
1PE,W4A8,"H(4,4)",256,88,1,32,48,0,8,32,1.45455,36.36,46697.4,797.4,routed + H combiner PLACEHOLDER,"(4,4)",,,,,,,,,,,,,
1PE,W4A8,"H(4,4)",1024,184,1,128,48,0,8,32,2.78261,69.57,46697.4,1525.46,routed + H combiner PLACEHOLDER,"(4,4)",,,,,,,,,,,,,
1PE,W4A8,"H(4,4)",4096,568,1,512,48,0,8,32,3.60563,90.14,46697.4,1976.65,routed + H combiner PLACEHOLDER,"(4,4)",,,,,,,,,,,,,
1PE,W4A8,"H(4,4)",65536,8248,1,8192,48,0,8,32,3.97284,99.32,46697.4,2177.95,routed + H combiner PLACEHOLDER,"(4,4)",,,,,,,,,,,,,
1PE,W4A8,"H(8,4)",128,120,1,32,80,0,8,64,1.06667,26.67,46697.4,584.76,routed + H combiner PLACEHOLDER,"(8,4)",,,,,,,,,,,,,
1PE,W4A8,"H(8,4)",256,152,1,64,80,0,8,64,1.68421,42.11,46697.4,923.3,routed + H combiner PLACEHOLDER,"(8,4)",,,,,,,,,,,,,
1PE,W4A8,"H(8,4)",1024,344,1,256,80,0,8,64,2.97674,74.42,46697.4,1631.88,routed + H combiner PLACEHOLDER,"(8,4)",,,,,,,,,,,,,
1PE,W4A8,"H(8,4)",4096,1112,1,1024,80,0,8,64,3.68345,92.09,46697.4,2019.31,routed + H combiner PLACEHOLDER,"(8,4)",,,,,,,,,,,,,
1PE,W4A8,"H(8,4)",65536,17208,9,16416,720,0,72,64,3.80846,95.21,46697.4,2087.84,routed + H combiner PLACEHOLDER,"(8,4)",,,,,,,,,,,,,
1PE,W4A8,H best,128,120,1,32,80,0,8,64,1.06667,26.67,46697.4,584.76,routed + H combiner PLACEHOLDER,"(8,4)",,,,,,,,,,,,,
1PE,W4A8,H best,256,152,1,64,80,0,8,64,1.68421,42.11,46697.4,923.3,routed + H combiner PLACEHOLDER,"(8,4)",,,,,,,,,,,,,
1PE,W4A8,H best,1024,344,1,256,80,0,8,64,2.97674,74.42,46697.4,1631.88,routed + H combiner PLACEHOLDER,"(8,4)",,,,,,,,,,,,,
1PE,W4A8,H best,4096,1112,1,1024,80,0,8,64,3.68345,92.09,46697.4,2019.31,routed + H combiner PLACEHOLDER,"(8,4)",,,,,,,,,,,,,
1PE,W4A8,H best,65536,2080,1,2048,24,0,8,8,3.93846,98.46,46096.5,2187.25,routed,"(1,4)",,,,,,,,,,,,,
1PE,W4A8,H3 best,128,50,1,32,10,0,8,64,2.56,64.0,47667.0,1374.87,"routed + T3 laps (synth. delta, ESTIMATE) + H combiner PLACEHOLDER","(8,4)",,,,,,,,,,,,,
1PE,W4A8,H3 best,256,82,1,64,10,0,8,64,3.12195,78.05,47667.0,1676.67,"routed + T3 laps (synth. delta, ESTIMATE) + H combiner PLACEHOLDER","(8,4)",,,,,,,,,,,,,
1PE,W4A8,H3 best,1024,274,1,256,10,0,8,64,3.73723,93.43,47667.0,2007.11,"routed + T3 laps (synth. delta, ESTIMATE) + H combiner PLACEHOLDER","(8,4)",,,,,,,,,,,,,
1PE,W4A8,H3 best,4096,1042,1,1024,10,0,8,64,3.9309,98.27,47667.0,2111.13,"routed + T3 laps (synth. delta, ESTIMATE) + H combiner PLACEHOLDER","(8,4)",,,,,,,,,,,,,
1PE,W4A8,H3 best,65536,2059,1,2048,3,0,8,8,3.97863,99.47,47066.1,2164.04,"routed + T3 laps (synth. delta, ESTIMATE)","(1,4)",,,,,,,,,,,,,
1PE,INT4,T1,128,36,1,4,24,0,8,16,0.88889,11.11,46096.5,493.65,routed,,,,,,,,,,,,,,
1PE,INT4,T1,256,40,1,8,24,0,8,16,1.6,20.0,46096.5,888.57,routed,,,,,,,,,,,,,,
1PE,INT4,T1,1024,64,1,32,24,0,8,16,4.0,50.0,46096.5,2221.43,routed,,,,,,,,,,,,,,
1PE,INT4,T1,4096,160,1,128,24,0,8,16,6.4,80.0,46096.5,3554.29,routed,,,,,,,,,,,,,,
1PE,INT4,T1,65536,2080,1,2048,24,0,8,16,7.87692,98.46,46096.5,4374.51,routed,,,,,,,,,,,,,,
1PE,INT4,T2 S=2,128,18,1,2,8,0,8,8,0.88889,11.11,46233.7,492.19,routed + Horner PLACEHOLDER,,,,,,,,,,,,,,
1PE,INT4,T2 S=2,256,20,1,4,8,0,8,8,1.6,20.0,46233.7,885.93,routed + Horner PLACEHOLDER,,,,,,,,,,,,,,
1PE,INT4,T2 S=2,1024,32,1,16,8,0,8,8,4.0,50.0,46233.7,2214.84,routed + Horner PLACEHOLDER,,,,,,,,,,,,,,
1PE,INT4,T2 S=2,4096,80,1,64,8,0,8,8,6.4,80.0,46233.7,3543.74,routed + Horner PLACEHOLDER,,,,,,,,,,,,,,
1PE,INT4,T2 S=2,65536,1040,1,1024,8,0,8,8,7.87692,98.46,46233.7,4361.52,routed + Horner PLACEHOLDER,,,,,,,,,,,,,,
1PE,INT4,T2 S=4,128,9,1,1,0,0,8,4,0.88889,11.11,46092.1,493.7,routed + Horner PLACEHOLDER - routed ring,,,,,,,,,,,,,,
1PE,INT4,T2 S=4,256,10,1,2,0,0,8,4,1.6,20.0,46092.1,888.65,routed + Horner PLACEHOLDER - routed ring,,,,,,,,,,,,,,
1PE,INT4,T2 S=4,1024,16,1,8,0,0,8,4,4.0,50.0,46092.1,2221.64,routed + Horner PLACEHOLDER - routed ring,,,,,,,,,,,,,,
1PE,INT4,T2 S=4,4096,40,1,32,0,0,8,4,6.4,80.0,46092.1,3554.62,routed + Horner PLACEHOLDER - routed ring,,,,,,,,,,,,,,
1PE,INT4,T2 S=4,65536,520,1,512,0,0,8,4,7.87692,98.46,46092.1,4374.92,routed + Horner PLACEHOLDER - routed ring,,,,,,,,,,,,,,
1PE,INT4,T3,128,15,1,4,3,0,8,16,2.13333,26.67,47066.1,1160.35,routed lap + synthesized IPD delta (ESTIMATE),,,,,,,,,,,,,,
1PE,INT4,T3,256,19,1,8,3,0,8,16,3.36842,42.11,47066.1,1832.14,routed lap + synthesized IPD delta (ESTIMATE),,,,,,,,,,,,,,
1PE,INT4,T3,1024,43,1,32,3,0,8,16,5.95349,74.42,47066.1,3238.2,routed lap + synthesized IPD delta (ESTIMATE),,,,,,,,,,,,,,
1PE,INT4,T3,4096,139,1,128,3,0,8,16,7.36691,92.09,47066.1,4006.98,routed lap + synthesized IPD delta (ESTIMATE),,,,,,,,,,,,,,
1PE,INT4,T3,65536,2059,1,2048,3,0,8,16,7.95726,99.47,47066.1,4328.08,routed lap + synthesized IPD delta (ESTIMATE),,,,,,,,,,,,,,
1PE,INT4,T4,128,33,1,4,21,0,8,16,0.9697,12.12,48649.2,510.27,routed + T4 tile/rotator PLACEHOLDER,,,,,,,,,,,,,,
1PE,INT4,T4,256,35,1,8,19,0,8,16,1.82857,22.86,48649.2,962.22,routed + T4 tile/rotator PLACEHOLDER,,,,,,,,,,,,,,
1PE,INT4,T4,1024,47,1,32,7,0,8,16,5.44681,68.09,48649.2,2866.2,routed + T4 tile/rotator PLACEHOLDER,,,,,,,,,,,,,,
1PE,INT4,T4,4096,143,1,128,7,0,8,16,7.16084,89.51,48649.2,3768.15,routed + T4 tile/rotator PLACEHOLDER,,,,,,,,,,,,,,
1PE,INT4,T4,65536,2063,1,2048,7,0,8,16,7.94183,99.27,48649.2,4179.12,routed + T4 tile/rotator PLACEHOLDER,,,,,,,,,,,,,,
1PE,INT4,"H(2,4)",128,48,1,8,32,0,8,32,1.33333,16.67,46697.4,730.95,routed + H combiner PLACEHOLDER,"(2,4)",,,,,,,,,,,,,
1PE,INT4,"H(2,4)",256,56,1,16,32,0,8,32,2.28571,28.57,46697.4,1253.05,routed + H combiner PLACEHOLDER,"(2,4)",,,,,,,,,,,,,
1PE,INT4,"H(2,4)",1024,104,1,64,32,0,8,32,4.92308,61.54,46697.4,2698.88,routed + H combiner PLACEHOLDER,"(2,4)",,,,,,,,,,,,,
1PE,INT4,"H(2,4)",4096,296,1,256,32,0,8,32,6.91892,86.49,46697.4,3793.02,routed + H combiner PLACEHOLDER,"(2,4)",,,,,,,,,,,,,
1PE,INT4,"H(2,4)",65536,4136,1,4096,32,0,8,32,7.92263,99.03,46697.4,4343.27,routed + H combiner PLACEHOLDER,"(2,4)",,,,,,,,,,,,,
1PE,INT4,"H(4,4)",128,72,1,16,48,0,8,64,1.77778,22.22,46697.4,974.6,routed + H combiner PLACEHOLDER,"(4,4)",,,,,,,,,,,,,
1PE,INT4,"H(4,4)",256,88,1,32,48,0,8,64,2.90909,36.36,46697.4,1594.79,routed + H combiner PLACEHOLDER,"(4,4)",,,,,,,,,,,,,
1PE,INT4,"H(4,4)",1024,184,1,128,48,0,8,64,5.56522,69.57,46697.4,3050.91,routed + H combiner PLACEHOLDER,"(4,4)",,,,,,,,,,,,,
1PE,INT4,"H(4,4)",4096,568,1,512,48,0,8,64,7.21127,90.14,46697.4,3953.29,routed + H combiner PLACEHOLDER,"(4,4)",,,,,,,,,,,,,
1PE,INT4,"H(4,4)",65536,8248,1,8192,48,0,8,64,7.94568,99.32,46697.4,4355.91,routed + H combiner PLACEHOLDER,"(4,4)",,,,,,,,,,,,,
1PE,INT4,H best,128,72,1,16,48,0,8,64,1.77778,22.22,46697.4,974.6,routed + H combiner PLACEHOLDER,"(4,4)",,,,,,,,,,,,,
1PE,INT4,H best,256,88,1,32,48,0,8,64,2.90909,36.36,46697.4,1594.79,routed + H combiner PLACEHOLDER,"(4,4)",,,,,,,,,,,,,
1PE,INT4,H best,1024,184,1,128,48,0,8,64,5.56522,69.57,46697.4,3050.91,routed + H combiner PLACEHOLDER,"(4,4)",,,,,,,,,,,,,
1PE,INT4,H best,4096,568,1,512,48,0,8,64,7.21127,90.14,46697.4,3953.29,routed + H combiner PLACEHOLDER,"(4,4)",,,,,,,,,,,,,
1PE,INT4,H best,65536,2080,1,2048,24,0,8,16,7.87692,98.46,46096.5,4374.51,routed,"(1,4)",,,,,,,,,,,,,
1PE,INT4,H3 best,128,30,1,16,6,0,8,64,4.26667,53.33,47667.0,2291.45,"routed + T3 laps (synth. delta, ESTIMATE) + H combiner PLACEHOLDER","(4,4)",,,,,,,,,,,,,
1PE,INT4,H3 best,256,46,1,32,6,0,8,64,5.56522,69.57,47667.0,2988.85,"routed + T3 laps (synth. delta, ESTIMATE) + H combiner PLACEHOLDER","(4,4)",,,,,,,,,,,,,
1PE,INT4,H3 best,1024,142,1,128,6,0,8,64,7.21127,90.14,47667.0,3872.88,"routed + T3 laps (synth. delta, ESTIMATE) + H combiner PLACEHOLDER","(4,4)",,,,,,,,,,,,,
1PE,INT4,H3 best,4096,526,1,512,6,0,8,64,7.78707,97.34,47667.0,4182.12,"routed + T3 laps (synth. delta, ESTIMATE) + H combiner PLACEHOLDER","(4,4)",,,,,,,,,,,,,
1PE,INT4,H3 best,65536,2059,1,2048,3,0,8,16,7.95726,99.47,47066.1,4328.08,"routed + T3 laps (synth. delta, ESTIMATE)","(1,4)",,,,,,,,,,,,,
4x4,INT8,T1g,128,144,1,8,98,6,32,8,0.11111,5.56,531321.5,85.66,routed,,,,,,,,,,,,,,
4x4,INT8,T1g,256,152,1,16,98,6,32,8,0.21053,10.53,531321.5,162.3,routed,,,,,,,,,,,,,,
4x4,INT8,T1g,1024,200,1,64,98,6,32,8,0.64,32.0,531321.5,493.38,routed,,,,,,,,,,,,,,
4x4,INT8,T1g,4096,392,1,256,98,6,32,8,1.30612,65.31,531321.5,1006.9,routed,,,,,,,,,,,,,,
4x4,INT8,T1g,65536,4368,2,4096,196,12,64,8,1.87546,93.77,531321.5,1445.81,routed,,,,,,,,,,,,,,
4x4,INT8,T1,128,102,1,8,56,6,32,8,0.15686,7.84,531321.5,120.93,routed,,,,,,,,,,,,,,
4x4,INT8,T1,256,110,1,16,56,6,32,8,0.29091,14.55,531321.5,224.26,routed,,,,,,,,,,,,,,
4x4,INT8,T1,1024,158,1,64,56,6,32,8,0.81013,40.51,531321.5,624.53,routed,,,,,,,,,,,,,,
4x4,INT8,T1,4096,350,1,256,56,6,32,8,1.46286,73.14,531321.5,1127.73,routed,,,,,,,,,,,,,,
4x4,INT8,T1,65536,4284,2,4096,112,12,64,8,1.91223,95.61,531321.5,1474.15,routed,,,,,,,,,,,,,,
4x4,INT8,T2 S=2,128,66,1,4,24,6,32,4,0.12121,6.06,531870.3,93.35,routed + Horner PLACEHOLDER,,,,,,,,,,,,,,
4x4,INT8,T2 S=2,256,70,1,8,24,6,32,4,0.22857,11.43,531870.3,176.03,routed + Horner PLACEHOLDER,,,,,,,,,,,,,,
4x4,INT8,T2 S=2,1024,94,1,32,24,6,32,4,0.68085,34.04,531870.3,524.33,routed + Horner PLACEHOLDER,,,,,,,,,,,,,,
4x4,INT8,T2 S=2,4096,190,1,128,24,6,32,4,1.34737,67.37,531870.3,1037.63,routed + Horner PLACEHOLDER,,,,,,,,,,,,,,
4x4,INT8,T2 S=2,65536,2110,1,2048,24,6,32,4,1.94123,97.06,531870.3,1494.97,routed + Horner PLACEHOLDER,,,,,,,,,,,,,,
4x4,INT8,T2 S=4,128,48,1,2,8,6,32,2,0.08333,4.17,531870.3,64.18,routed + Horner PLACEHOLDER,,,,,,,,,,,,,,
4x4,INT8,T2 S=4,256,50,1,4,8,6,32,2,0.16,8.0,531870.3,123.22,routed + Horner PLACEHOLDER,,,,,,,,,,,,,,
4x4,INT8,T2 S=4,1024,62,1,16,8,6,32,2,0.51613,25.81,531870.3,397.48,routed + Horner PLACEHOLDER,,,,,,,,,,,,,,
4x4,INT8,T2 S=4,4096,110,1,64,8,6,32,2,1.16364,58.18,531870.3,896.13,routed + Horner PLACEHOLDER,,,,,,,,,,,,,,
4x4,INT8,T2 S=4,65536,1070,1,1024,8,6,32,2,1.91402,95.7,531870.3,1474.01,routed + Horner PLACEHOLDER,,,,,,,,,,,,,,
4x4,INT8,T2 S=8,128,39,1,1,0,6,32,1,0.05128,2.56,529606.1,39.66,routed + Horner PLACEHOLDER - routed ring,,,,,,,,,,,,,,
4x4,INT8,T2 S=8,256,40,1,2,0,6,32,1,0.1,5.0,529606.1,77.34,routed + Horner PLACEHOLDER - routed ring,,,,,,,,,,,,,,
4x4,INT8,T2 S=8,1024,46,1,8,0,6,32,1,0.34783,17.39,529606.1,269.01,routed + Horner PLACEHOLDER - routed ring,,,,,,,,,,,,,,
4x4,INT8,T2 S=8,4096,70,1,32,0,6,32,1,0.91429,45.71,529606.1,707.11,routed + Horner PLACEHOLDER - routed ring,,,,,,,,,,,,,,
4x4,INT8,T2 S=8,65536,550,1,512,0,6,32,1,1.86182,93.09,529606.1,1439.94,routed + Horner PLACEHOLDER - routed ring,,,,,,,,,,,,,,
4x4,INT8,T3,128,53,1,8,7,6,32,8,0.30189,15.09,546831.8,226.13,routed lap + synthesized IPD delta (ESTIMATE),,,,,,,,,,,,,,
4x4,INT8,T3,256,61,1,16,7,6,32,8,0.52459,26.23,546831.8,392.94,routed lap + synthesized IPD delta (ESTIMATE),,,,,,,,,,,,,,
4x4,INT8,T3,1024,109,1,64,7,6,32,8,1.17431,58.72,546831.8,879.61,routed lap + synthesized IPD delta (ESTIMATE),,,,,,,,,,,,,,
4x4,INT8,T3,4096,301,1,256,7,6,32,8,1.701,85.05,546831.8,1274.12,routed lap + synthesized IPD delta (ESTIMATE),,,,,,,,,,,,,,
4x4,INT8,T3,65536,4186,2,4096,14,12,64,8,1.957,97.85,546831.8,1465.87,routed lap + synthesized IPD delta (ESTIMATE),,,,,,,,,,,,,,
4x4,INT8,T4,128,95,1,8,49,6,32,8,0.16842,8.42,546876.1,126.14,routed + T4 tile/rotator PLACEHOLDER,,,,,,,,,,,,,,
4x4,INT8,T4,256,97,1,16,43,6,32,8,0.3299,16.49,546876.1,247.09,routed + T4 tile/rotator PLACEHOLDER,,,,,,,,,,,,,,
4x4,INT8,T4,1024,109,1,64,7,6,32,8,1.17431,58.72,546876.1,879.54,routed + T4 tile/rotator PLACEHOLDER,,,,,,,,,,,,,,
4x4,INT8,T4,4096,301,1,256,7,6,32,8,1.701,85.05,546876.1,1274.01,routed + T4 tile/rotator PLACEHOLDER,,,,,,,,,,,,,,
4x4,INT8,T4,65536,4186,2,4096,14,12,64,8,1.957,97.85,546876.1,1465.76,routed + T4 tile/rotator PLACEHOLDER,,,,,,,,,,,,,,
4x4,INT8,"H(2,8)",128,118,1,16,64,6,32,16,0.27119,13.56,533725.2,208.12,routed + H combiner PLACEHOLDER,"(2,8)",,,,,,,,,,,,,
4x4,INT8,"H(2,8)",256,134,1,32,64,6,32,16,0.47761,23.88,533725.2,366.54,routed + H combiner PLACEHOLDER,"(2,8)",,,,,,,,,,,,,
4x4,INT8,"H(2,8)",1024,230,1,128,64,6,32,16,1.11304,55.65,533725.2,854.19,routed + H combiner PLACEHOLDER,"(2,8)",,,,,,,,,,,,,
4x4,INT8,"H(2,8)",4096,614,1,512,64,6,32,16,1.66775,83.39,533725.2,1279.89,routed + H combiner PLACEHOLDER,"(2,8)",,,,,,,,,,,,,
4x4,INT8,"H(2,8)",65536,8600,4,8192,256,24,128,16,1.90512,95.26,533725.2,1462.05,routed + H combiner PLACEHOLDER,"(2,8)",,,,,,,,,,,,,
4x4,INT8,"H(4,4)",128,102,1,16,48,6,32,16,0.31373,15.69,534274.0,240.52,routed + H combiner PLACEHOLDER + column Horner PLACEHOLDER,"(4,4)",,,,,,,,,,,,,
4x4,INT8,"H(4,4)",256,118,1,32,48,6,32,16,0.54237,27.12,534274.0,415.81,routed + H combiner PLACEHOLDER + column Horner PLACEHOLDER,"(4,4)",,,,,,,,,,,,,
4x4,INT8,"H(4,4)",1024,214,1,128,48,6,32,16,1.19626,59.81,534274.0,917.11,routed + H combiner PLACEHOLDER + column Horner PLACEHOLDER,"(4,4)",,,,,,,,,,,,,
4x4,INT8,"H(4,4)",4096,598,1,512,48,6,32,16,1.71237,85.62,534274.0,1312.79,routed + H combiner PLACEHOLDER + column Horner PLACEHOLDER,"(4,4)",,,,,,,,,,,,,
4x4,INT8,"H(4,4)",65536,8364,2,8192,96,12,64,16,1.95887,97.94,534274.0,1501.76,routed + H combiner PLACEHOLDER + column Horner PLACEHOLDER,"(4,4)",,,,,,,,,,,,,
4x4,INT8,"H(4,8)",128,150,1,32,80,6,32,32,0.42667,21.33,533725.2,327.44,routed + H combiner PLACEHOLDER,"(4,8)",,,,,,,,,,,,,
4x4,INT8,"H(4,8)",256,182,1,64,80,6,32,32,0.7033,35.16,533725.2,539.74,routed + H combiner PLACEHOLDER,"(4,8)",,,,,,,,,,,,,
4x4,INT8,"H(4,8)",1024,374,1,256,80,6,32,32,1.36898,68.45,533725.2,1050.61,routed + H combiner PLACEHOLDER,"(4,8)",,,,,,,,,,,,,
4x4,INT8,"H(4,8)",4096,1142,1,1024,80,6,32,32,1.79335,89.67,533725.2,1376.28,routed + H combiner PLACEHOLDER,"(4,8)",,,,,,,,,,,,,
4x4,INT8,"H(4,8)",65536,18272,16,16384,1280,96,512,32,1.79335,89.67,533725.2,1376.28,routed + H combiner PLACEHOLDER,"(4,8)",,,,,,,,,,,,,
4x4,INT8,"H(8,8)",128,214,1,64,112,6,32,64,0.59813,29.91,533725.2,459.03,routed + H combiner PLACEHOLDER,"(8,8)",,,,,,,,,,,,,
4x4,INT8,"H(8,8)",256,278,1,128,112,6,32,64,0.92086,46.04,533725.2,706.7,routed + H combiner PLACEHOLDER,"(8,8)",,,,,,,,,,,,,
4x4,INT8,"H(8,8)",1024,1026,3,576,336,18,96,64,0.99805,49.9,533725.2,765.94,routed + H combiner PLACEHOLDER,"(8,8)",,,,,,,,,,,,,
4x4,INT8,"H(8,8)",4096,3654,9,2304,1008,54,288,64,1.12096,56.05,533725.2,860.27,routed + H combiner PLACEHOLDER,"(8,8)",,,,,,,,,,,,,
4x4,INT8,"H(8,8)",65536,52374,129,33024,14448,774,4128,64,1.25131,62.57,533725.2,960.3,routed + H combiner PLACEHOLDER,"(8,8)",,,,,,,,,,,,,
4x4,INT8,H best,128,214,1,64,112,6,32,64,0.59813,29.91,533725.2,459.03,routed + H combiner PLACEHOLDER,"(8,8)",,,,,,,,,,,,,
4x4,INT8,H best,256,278,1,128,112,6,32,64,0.92086,46.04,533725.2,706.7,routed + H combiner PLACEHOLDER,"(8,8)",,,,,,,,,,,,,
4x4,INT8,H best,1024,374,1,256,80,6,32,32,1.36898,68.45,533725.2,1050.61,routed + H combiner PLACEHOLDER,"(4,8)",,,,,,,,,,,,,
4x4,INT8,H best,4096,1142,1,1024,80,6,32,32,1.79335,89.67,533725.2,1376.28,routed + H combiner PLACEHOLDER,"(4,8)",,,,,,,,,,,,,
4x4,INT8,H best,65536,4166,1,4096,32,6,32,8,1.96639,98.32,534274.0,1507.53,routed + H combiner PLACEHOLDER + column Horner PLACEHOLDER,"(2,4)",,,,,,,,,,,,,
4x4,INT8,H3 best,128,116,1,64,14,6,32,64,1.10345,55.17,549235.5,822.91,"routed + T3 laps (synth. delta, ESTIMATE) + H combiner PLACEHOLDER","(8,8)",,,,,,,,,,,,,
4x4,INT8,H3 best,256,180,1,128,14,6,32,64,1.42222,71.11,549235.5,1060.64,"routed + T3 laps (synth. delta, ESTIMATE) + H combiner PLACEHOLDER","(8,8)",,,,,,,,,,,,,
4x4,INT8,H3 best,1024,304,1,256,10,6,32,32,1.68421,84.21,549235.5,1256.02,"routed + T3 laps (synth. delta, ESTIMATE) + H combiner PLACEHOLDER","(4,8)",,,,,,,,,,,,,
4x4,INT8,H3 best,4096,1072,1,1024,10,6,32,32,1.91045,95.52,549235.5,1424.74,"routed + T3 laps (synth. delta, ESTIMATE) + H combiner PLACEHOLDER","(4,8)",,,,,,,,,,,,,
4x4,INT8,H3 best,65536,4138,1,4096,4,6,32,8,1.9797,98.99,549784.3,1474.92,"routed + T3 laps (synth. delta, ESTIMATE) + H combiner PLACEHOLDER + column Horner PLACEHOLDER","(2,4)",,,,,,,,,,,,,
4x4,W4A8,T1g,128,84,1,4,42,6,32,8,0.19048,4.76,531321.5,146.84,routed,,,,,,,,,,,,,,
4x4,W4A8,T1g,256,88,1,8,42,6,32,8,0.36364,9.09,531321.5,280.33,routed,,,,,,,,,,,,,,
4x4,W4A8,T1g,1024,112,1,32,42,6,32,8,1.14286,28.57,531321.5,881.04,routed,,,,,,,,,,,,,,
4x4,W4A8,T1g,4096,208,1,128,42,6,32,8,2.46154,61.54,531321.5,1897.62,routed,,,,,,,,,,,,,,
4x4,W4A8,T1g,65536,2128,1,2048,42,6,32,8,3.84962,96.24,531321.5,2967.71,routed,,,,,,,,,,,,,,
4x4,W4A8,T1,128,66,1,4,24,6,32,8,0.24242,6.06,531321.5,186.89,routed,,,,,,,,,,,,,,
4x4,W4A8,T1,256,70,1,8,24,6,32,8,0.45714,11.43,531321.5,352.42,routed,,,,,,,,,,,,,,
4x4,W4A8,T1,1024,94,1,32,24,6,32,8,1.3617,34.04,531321.5,1049.75,routed,,,,,,,,,,,,,,
4x4,W4A8,T1,4096,190,1,128,24,6,32,8,2.69474,67.37,531321.5,2077.39,routed,,,,,,,,,,,,,,
4x4,W4A8,T1,65536,2110,1,2048,24,6,32,8,3.88246,97.06,531321.5,2993.02,routed,,,,,,,,,,,,,,
4x4,W4A8,T2 S=2,128,48,1,2,8,6,32,4,0.16667,4.17,531870.3,128.35,routed + Horner PLACEHOLDER,,,,,,,,,,,,,,
4x4,W4A8,T2 S=2,256,50,1,4,8,6,32,4,0.32,8.0,531870.3,246.44,routed + Horner PLACEHOLDER,,,,,,,,,,,,,,
4x4,W4A8,T2 S=2,1024,62,1,16,8,6,32,4,1.03226,25.81,531870.3,794.95,routed + Horner PLACEHOLDER,,,,,,,,,,,,,,
4x4,W4A8,T2 S=2,4096,110,1,64,8,6,32,4,2.32727,58.18,531870.3,1792.26,routed + Horner PLACEHOLDER,,,,,,,,,,,,,,
4x4,W4A8,T2 S=2,65536,1070,1,1024,8,6,32,4,3.82804,95.7,531870.3,2948.02,routed + Horner PLACEHOLDER,,,,,,,,,,,,,,
4x4,W4A8,T2 S=4,128,39,1,1,0,6,32,2,0.10256,2.56,529606.1,79.32,routed + Horner PLACEHOLDER - routed ring,,,,,,,,,,,,,,
4x4,W4A8,T2 S=4,256,40,1,2,0,6,32,2,0.2,5.0,529606.1,154.68,routed + Horner PLACEHOLDER - routed ring,,,,,,,,,,,,,,
4x4,W4A8,T2 S=4,1024,46,1,8,0,6,32,2,0.69565,17.39,529606.1,538.02,routed + Horner PLACEHOLDER - routed ring,,,,,,,,,,,,,,
4x4,W4A8,T2 S=4,4096,70,1,32,0,6,32,2,1.82857,45.71,529606.1,1414.23,routed + Horner PLACEHOLDER - routed ring,,,,,,,,,,,,,,
4x4,W4A8,T2 S=4,65536,550,1,512,0,6,32,2,3.72364,93.09,529606.1,2879.88,routed + Horner PLACEHOLDER - routed ring,,,,,,,,,,,,,,
4x4,W4A8,T3,128,45,1,4,3,6,32,8,0.35556,8.89,546831.8,266.33,routed lap + synthesized IPD delta (ESTIMATE),,,,,,,,,,,,,,
4x4,W4A8,T3,256,49,1,8,3,6,32,8,0.65306,16.33,546831.8,489.17,routed lap + synthesized IPD delta (ESTIMATE),,,,,,,,,,,,,,
4x4,W4A8,T3,1024,73,1,32,3,6,32,8,1.75342,43.84,546831.8,1313.39,routed lap + synthesized IPD delta (ESTIMATE),,,,,,,,,,,,,,
4x4,W4A8,T3,4096,169,1,128,3,6,32,8,3.02959,75.74,546831.8,2269.29,routed lap + synthesized IPD delta (ESTIMATE),,,,,,,,,,,,,,
4x4,W4A8,T3,65536,2089,1,2048,3,6,32,8,3.92149,98.04,546831.8,2937.36,routed lap + synthesized IPD delta (ESTIMATE),,,,,,,,,,,,,,
4x4,W4A8,T4,128,63,1,4,21,6,32,8,0.25397,6.35,546876.1,190.22,routed + T4 tile/rotator PLACEHOLDER,,,,,,,,,,,,,,
4x4,W4A8,T4,256,65,1,8,19,6,32,8,0.49231,12.31,546876.1,368.73,routed + T4 tile/rotator PLACEHOLDER,,,,,,,,,,,,,,
4x4,W4A8,T4,1024,77,1,32,7,6,32,8,1.66234,41.56,546876.1,1245.06,routed + T4 tile/rotator PLACEHOLDER,,,,,,,,,,,,,,
4x4,W4A8,T4,4096,173,1,128,7,6,32,8,2.95954,73.99,546876.1,2216.64,routed + T4 tile/rotator PLACEHOLDER,,,,,,,,,,,,,,
4x4,W4A8,T4,65536,2093,1,2048,7,6,32,8,3.914,97.85,546876.1,2931.51,routed + T4 tile/rotator PLACEHOLDER,,,,,,,,,,,,,,
4x4,W4A8,"H(4,4)",128,102,1,16,48,6,32,32,0.62745,15.69,533725.2,481.53,routed + H combiner PLACEHOLDER,"(4,4)",,,,,,,,,,,,,
4x4,W4A8,"H(4,4)",256,118,1,32,48,6,32,32,1.08475,27.12,533725.2,832.47,routed + H combiner PLACEHOLDER,"(4,4)",,,,,,,,,,,,,
4x4,W4A8,"H(4,4)",1024,214,1,128,48,6,32,32,2.39252,59.81,533725.2,1836.11,routed + H combiner PLACEHOLDER,"(4,4)",,,,,,,,,,,,,
4x4,W4A8,"H(4,4)",4096,598,1,512,48,6,32,32,3.42475,85.62,533725.2,2628.28,routed + H combiner PLACEHOLDER,"(4,4)",,,,,,,,,,,,,
4x4,W4A8,"H(4,4)",65536,8278,1,8192,48,6,32,32,3.95844,98.96,533725.2,3037.85,routed + H combiner PLACEHOLDER,"(4,4)",,,,,,,,,,,,,
4x4,W4A8,"H(8,4)",128,150,1,32,80,6,32,64,0.85333,21.33,533725.2,654.88,routed + H combiner PLACEHOLDER,"(8,4)",,,,,,,,,,,,,
4x4,W4A8,"H(8,4)",256,182,1,64,80,6,32,64,1.40659,35.16,533725.2,1079.47,routed + H combiner PLACEHOLDER,"(8,4)",,,,,,,,,,,,,
4x4,W4A8,"H(8,4)",1024,374,1,256,80,6,32,64,2.73797,68.45,533725.2,2101.22,routed + H combiner PLACEHOLDER,"(8,4)",,,,,,,,,,,,,
4x4,W4A8,"H(8,4)",4096,1142,1,1024,80,6,32,64,3.58669,89.67,533725.2,2752.56,routed + H combiner PLACEHOLDER,"(8,4)",,,,,,,,,,,,,
4x4,W4A8,"H(8,4)",65536,17478,9,16416,720,54,288,64,3.74963,93.74,533725.2,2877.6,routed + H combiner PLACEHOLDER,"(8,4)",,,,,,,,,,,,,
4x4,W4A8,H best,128,150,1,32,80,6,32,64,0.85333,21.33,533725.2,654.88,routed + H combiner PLACEHOLDER,"(8,4)",,,,,,,,,,,,,
4x4,W4A8,H best,256,182,1,64,80,6,32,64,1.40659,35.16,533725.2,1079.47,routed + H combiner PLACEHOLDER,"(8,4)",,,,,,,,,,,,,
4x4,W4A8,H best,1024,374,1,256,80,6,32,64,2.73797,68.45,533725.2,2101.22,routed + H combiner PLACEHOLDER,"(8,4)",,,,,,,,,,,,,
4x4,W4A8,H best,4096,1142,1,1024,80,6,32,64,3.58669,89.67,533725.2,2752.56,routed + H combiner PLACEHOLDER,"(8,4)",,,,,,,,,,,,,
4x4,W4A8,H best,65536,8278,1,8192,48,6,32,32,3.95844,98.96,533725.2,3037.85,routed + H combiner PLACEHOLDER,"(4,4)",,,,,,,,,,,,,
4x4,W4A8,H3 best,128,80,1,32,10,6,32,64,1.6,40.0,549235.5,1193.22,"routed + T3 laps (synth. delta, ESTIMATE) + H combiner PLACEHOLDER","(8,4)",,,,,,,,,,,,,
4x4,W4A8,H3 best,256,112,1,64,10,6,32,64,2.28571,57.14,549235.5,1704.6,"routed + T3 laps (synth. delta, ESTIMATE) + H combiner PLACEHOLDER","(8,4)",,,,,,,,,,,,,
4x4,W4A8,H3 best,1024,304,1,256,10,6,32,64,3.36842,84.21,549235.5,2512.05,"routed + T3 laps (synth. delta, ESTIMATE) + H combiner PLACEHOLDER","(8,4)",,,,,,,,,,,,,
4x4,W4A8,H3 best,4096,1072,1,1024,10,6,32,64,3.8209,95.52,549235.5,2849.49,"routed + T3 laps (synth. delta, ESTIMATE) + H combiner PLACEHOLDER","(8,4)",,,,,,,,,,,,,
4x4,W4A8,H3 best,65536,8236,1,8192,6,6,32,32,3.97863,99.47,549235.5,2967.12,"routed + T3 laps (synth. delta, ESTIMATE) + H combiner PLACEHOLDER","(4,4)",,,,,,,,,,,,,
4x4,INT4,T1g,128,84,1,4,42,6,32,16,0.38095,4.76,531321.5,293.68,routed,,,,,,,,,,,,,,
4x4,INT4,T1g,256,88,1,8,42,6,32,16,0.72727,9.09,531321.5,560.66,routed,,,,,,,,,,,,,,
4x4,INT4,T1g,1024,112,1,32,42,6,32,16,2.28571,28.57,531321.5,1762.08,routed,,,,,,,,,,,,,,
4x4,INT4,T1g,4096,208,1,128,42,6,32,16,4.92308,61.54,531321.5,3795.24,routed,,,,,,,,,,,,,,
4x4,INT4,T1g,65536,2128,1,2048,42,6,32,16,7.69925,96.24,531321.5,5935.41,routed,,,,,,,,,,,,,,
4x4,INT4,T1,128,66,1,4,24,6,32,16,0.48485,6.06,531321.5,373.77,routed,,,,,,,,,,,,,,
4x4,INT4,T1,256,70,1,8,24,6,32,16,0.91429,11.43,531321.5,704.83,routed,,,,,,,,,,,,,,
4x4,INT4,T1,1024,94,1,32,24,6,32,16,2.7234,34.04,531321.5,2099.49,routed,,,,,,,,,,,,,,
4x4,INT4,T1,4096,190,1,128,24,6,32,16,5.38947,67.37,531321.5,4154.79,routed,,,,,,,,,,,,,,
4x4,INT4,T1,65536,2110,1,2048,24,6,32,16,7.76493,97.06,531321.5,5986.05,routed,,,,,,,,,,,,,,
4x4,INT4,T2 S=2,128,48,1,2,8,6,32,8,0.33333,4.17,531870.3,256.7,routed + Horner PLACEHOLDER,,,,,,,,,,,,,,
4x4,INT4,T2 S=2,256,50,1,4,8,6,32,8,0.64,8.0,531870.3,492.87,routed + Horner PLACEHOLDER,,,,,,,,,,,,,,
4x4,INT4,T2 S=2,1024,62,1,16,8,6,32,8,2.06452,25.81,531870.3,1589.91,routed + Horner PLACEHOLDER,,,,,,,,,,,,,,
4x4,INT4,T2 S=2,4096,110,1,64,8,6,32,8,4.65455,58.18,531870.3,3584.52,routed + Horner PLACEHOLDER,,,,,,,,,,,,,,
4x4,INT4,T2 S=2,65536,1070,1,1024,8,6,32,8,7.65607,95.7,531870.3,5896.04,routed + Horner PLACEHOLDER,,,,,,,,,,,,,,
4x4,INT4,T2 S=4,128,39,1,1,0,6,32,4,0.20513,2.56,529606.1,158.65,routed + Horner PLACEHOLDER - routed ring,,,,,,,,,,,,,,
4x4,INT4,T2 S=4,256,40,1,2,0,6,32,4,0.4,5.0,529606.1,309.36,routed + Horner PLACEHOLDER - routed ring,,,,,,,,,,,,,,
4x4,INT4,T2 S=4,1024,46,1,8,0,6,32,4,1.3913,17.39,529606.1,1076.04,routed + Horner PLACEHOLDER - routed ring,,,,,,,,,,,,,,
4x4,INT4,T2 S=4,4096,70,1,32,0,6,32,4,3.65714,45.71,529606.1,2828.45,routed + Horner PLACEHOLDER - routed ring,,,,,,,,,,,,,,
4x4,INT4,T2 S=4,65536,550,1,512,0,6,32,4,7.44727,93.09,529606.1,5759.76,routed + Horner PLACEHOLDER - routed ring,,,,,,,,,,,,,,
4x4,INT4,T3,128,45,1,4,3,6,32,16,0.71111,8.89,546831.8,532.65,routed lap + synthesized IPD delta (ESTIMATE),,,,,,,,,,,,,,
4x4,INT4,T3,256,49,1,8,3,6,32,16,1.30612,16.33,546831.8,978.34,routed lap + synthesized IPD delta (ESTIMATE),,,,,,,,,,,,,,
4x4,INT4,T3,1024,73,1,32,3,6,32,16,3.50685,43.84,546831.8,2626.78,routed lap + synthesized IPD delta (ESTIMATE),,,,,,,,,,,,,,
4x4,INT4,T3,4096,169,1,128,3,6,32,16,6.05917,75.74,546831.8,4538.57,routed lap + synthesized IPD delta (ESTIMATE),,,,,,,,,,,,,,
4x4,INT4,T3,65536,2089,1,2048,3,6,32,16,7.84299,98.04,546831.8,5874.73,routed lap + synthesized IPD delta (ESTIMATE),,,,,,,,,,,,,,
4x4,INT4,T4,128,63,1,4,21,6,32,16,0.50794,6.35,546876.1,380.43,routed + T4 tile/rotator PLACEHOLDER,,,,,,,,,,,,,,
4x4,INT4,T4,256,65,1,8,19,6,32,16,0.98462,12.31,546876.1,737.46,routed + T4 tile/rotator PLACEHOLDER,,,,,,,,,,,,,,
4x4,INT4,T4,1024,77,1,32,7,6,32,16,3.32468,41.56,546876.1,2490.12,routed + T4 tile/rotator PLACEHOLDER,,,,,,,,,,,,,,
4x4,INT4,T4,4096,173,1,128,7,6,32,16,5.91908,73.99,546876.1,4433.28,routed + T4 tile/rotator PLACEHOLDER,,,,,,,,,,,,,,
4x4,INT4,T4,65536,2093,1,2048,7,6,32,16,7.828,97.85,546876.1,5863.02,routed + T4 tile/rotator PLACEHOLDER,,,,,,,,,,,,,,
4x4,INT4,"H(2,4)",128,78,1,8,32,6,32,32,0.82051,10.26,533725.2,629.69,routed + H combiner PLACEHOLDER,"(2,4)",,,,,,,,,,,,,
4x4,INT4,"H(2,4)",256,86,1,16,32,6,32,32,1.48837,18.6,533725.2,1142.23,routed + H combiner PLACEHOLDER,"(2,4)",,,,,,,,,,,,,
4x4,INT4,"H(2,4)",1024,134,1,64,32,6,32,32,3.8209,47.76,533725.2,2932.29,routed + H combiner PLACEHOLDER,"(2,4)",,,,,,,,,,,,,
4x4,INT4,"H(2,4)",4096,326,1,256,32,6,32,32,6.28221,78.53,533725.2,4821.19,routed + H combiner PLACEHOLDER,"(2,4)",,,,,,,,,,,,,
4x4,INT4,"H(2,4)",65536,4166,1,4096,32,6,32,32,7.86558,98.32,533725.2,6036.33,routed + H combiner PLACEHOLDER,"(2,4)",,,,,,,,,,,,,
4x4,INT4,"H(4,4)",128,102,1,16,48,6,32,64,1.2549,15.69,533725.2,963.06,routed + H combiner PLACEHOLDER,"(4,4)",,,,,,,,,,,,,
4x4,INT4,"H(4,4)",256,118,1,32,48,6,32,64,2.16949,27.12,533725.2,1664.95,routed + H combiner PLACEHOLDER,"(4,4)",,,,,,,,,,,,,
4x4,INT4,"H(4,4)",1024,214,1,128,48,6,32,64,4.78505,59.81,533725.2,3672.22,routed + H combiner PLACEHOLDER,"(4,4)",,,,,,,,,,,,,
4x4,INT4,"H(4,4)",4096,598,1,512,48,6,32,64,6.8495,85.62,533725.2,5256.55,routed + H combiner PLACEHOLDER,"(4,4)",,,,,,,,,,,,,
4x4,INT4,"H(4,4)",65536,8278,1,8192,48,6,32,64,7.91689,98.96,533725.2,6075.71,routed + H combiner PLACEHOLDER,"(4,4)",,,,,,,,,,,,,
4x4,INT4,H best,128,102,1,16,48,6,32,64,1.2549,15.69,533725.2,963.06,routed + H combiner PLACEHOLDER,"(4,4)",,,,,,,,,,,,,
4x4,INT4,H best,256,118,1,32,48,6,32,64,2.16949,27.12,533725.2,1664.95,routed + H combiner PLACEHOLDER,"(4,4)",,,,,,,,,,,,,
4x4,INT4,H best,1024,214,1,128,48,6,32,64,4.78505,59.81,533725.2,3672.22,routed + H combiner PLACEHOLDER,"(4,4)",,,,,,,,,,,,,
4x4,INT4,H best,4096,598,1,512,48,6,32,64,6.8495,85.62,533725.2,5256.55,routed + H combiner PLACEHOLDER,"(4,4)",,,,,,,,,,,,,
4x4,INT4,H best,65536,8278,1,8192,48,6,32,64,7.91689,98.96,533725.2,6075.71,routed + H combiner PLACEHOLDER,"(4,4)",,,,,,,,,,,,,
4x4,INT4,H3 best,128,60,1,16,6,6,32,64,2.13333,26.67,549235.5,1590.96,"routed + T3 laps (synth. delta, ESTIMATE) + H combiner PLACEHOLDER","(4,4)",,,,,,,,,,,,,
4x4,INT4,H3 best,256,76,1,32,6,6,32,64,3.36842,42.11,549235.5,2512.05,"routed + T3 laps (synth. delta, ESTIMATE) + H combiner PLACEHOLDER","(4,4)",,,,,,,,,,,,,
4x4,INT4,H3 best,1024,172,1,128,6,6,32,64,5.95349,74.42,549235.5,4439.9,"routed + T3 laps (synth. delta, ESTIMATE) + H combiner PLACEHOLDER","(4,4)",,,,,,,,,,,,,
4x4,INT4,H3 best,4096,556,1,512,6,6,32,64,7.36691,92.09,549235.5,5493.97,"routed + T3 laps (synth. delta, ESTIMATE) + H combiner PLACEHOLDER","(4,4)",,,,,,,,,,,,,
4x4,INT4,H3 best,65536,8236,1,8192,6,6,32,64,7.95726,99.47,549235.5,5934.24,"routed + T3 laps (synth. delta, ESTIMATE) + H combiner PLACEHOLDER","(4,4)",,,,,,,,,,,,,
4x8,INT8,T1g,128,208,1,8,126,10,64,8,0.07692,3.85,1029540.4,61.21,routed,,,,,,,,,,,,,,
4x8,INT8,T1g,256,216,1,16,126,10,64,8,0.14815,7.41,1029540.4,117.88,routed,,,,,,,,,,,,,,
4x8,INT8,T1g,1024,264,1,64,126,10,64,8,0.48485,24.24,1029540.4,385.79,routed,,,,,,,,,,,,,,
4x8,INT8,T1g,4096,456,1,256,126,10,64,8,1.12281,56.14,1029540.4,893.41,routed,,,,,,,,,,,,,,
4x8,INT8,T1g,65536,4496,2,4096,252,20,128,8,1.82206,91.1,1029540.4,1449.81,routed,,,,,,,,,,,,,,
4x8,INT8,T1,128,138,1,8,56,10,64,8,0.11594,5.8,1029540.4,92.25,routed,,,,,,,,,,,,,,
4x8,INT8,T1,256,146,1,16,56,10,64,8,0.21918,10.96,1029540.4,174.4,routed,,,,,,,,,,,,,,
4x8,INT8,T1,1024,194,1,64,56,10,64,8,0.65979,32.99,1029540.4,524.99,routed,,,,,,,,,,,,,,
4x8,INT8,T1,4096,386,1,256,56,10,64,8,1.32642,66.32,1029540.4,1055.43,routed,,,,,,,,,,,,,,
4x8,INT8,T1,65536,4356,2,4096,112,20,128,8,1.88062,94.03,1029540.4,1496.4,routed,,,,,,,,,,,,,,
4x8,INT8,T2 S=2,128,102,1,4,24,10,64,4,0.07843,3.92,1030089.2,62.37,routed + Horner PLACEHOLDER,,,,,,,,,,,,,,
4x8,INT8,T2 S=2,256,106,1,8,24,10,64,4,0.15094,7.55,1030089.2,120.04,routed + Horner PLACEHOLDER,,,,,,,,,,,,,,
4x8,INT8,T2 S=2,1024,130,1,32,24,10,64,4,0.49231,24.62,1030089.2,391.52,routed + Horner PLACEHOLDER,,,,,,,,,,,,,,
4x8,INT8,T2 S=2,4096,226,1,128,24,10,64,4,1.13274,56.64,1030089.2,900.84,routed + Horner PLACEHOLDER,,,,,,,,,,,,,,
4x8,INT8,T2 S=2,65536,2146,1,2048,24,10,64,4,1.90867,95.43,1030089.2,1517.91,routed + Horner PLACEHOLDER,,,,,,,,,,,,,,
4x8,INT8,T2 S=4,128,84,1,2,8,10,64,2,0.04762,2.38,1030089.2,37.87,routed + Horner PLACEHOLDER,,,,,,,,,,,,,,
4x8,INT8,T2 S=4,256,86,1,4,8,10,64,2,0.09302,4.65,1030089.2,73.98,routed + Horner PLACEHOLDER,,,,,,,,,,,,,,
4x8,INT8,T2 S=4,1024,98,1,16,8,10,64,2,0.32653,16.33,1030089.2,259.68,routed + Horner PLACEHOLDER,,,,,,,,,,,,,,
4x8,INT8,T2 S=4,4096,146,1,64,8,10,64,2,0.87671,43.84,1030089.2,697.22,routed + Horner PLACEHOLDER,,,,,,,,,,,,,,
4x8,INT8,T2 S=4,65536,1106,1,1024,8,10,64,2,1.85172,92.59,1030089.2,1472.62,routed + Horner PLACEHOLDER,,,,,,,,,,,,,,
4x8,INT8,T2 S=8,128,75,1,1,0,10,64,1,0.02667,1.33,1025560.8,21.3,routed + Horner PLACEHOLDER - routed ring,,,,,,,,,,,,,,
4x8,INT8,T2 S=8,256,76,1,2,0,10,64,1,0.05263,2.63,1025560.8,42.04,routed + Horner PLACEHOLDER - routed ring,,,,,,,,,,,,,,
4x8,INT8,T2 S=8,1024,82,1,8,0,10,64,1,0.19512,9.76,1025560.8,155.86,routed + Horner PLACEHOLDER - routed ring,,,,,,,,,,,,,,
4x8,INT8,T2 S=8,4096,106,1,32,0,10,64,1,0.60377,30.19,1025560.8,482.28,routed + Horner PLACEHOLDER - routed ring,,,,,,,,,,,,,,
4x8,INT8,T2 S=8,65536,586,1,512,0,10,64,1,1.74744,87.37,1025560.8,1395.82,routed + Horner PLACEHOLDER - routed ring,,,,,,,,,,,,,,
4x8,INT8,T3,128,89,1,8,7,10,64,8,0.17978,8.99,1060560.3,138.86,routed lap + synthesized IPD delta (ESTIMATE),,,,,,,,,,,,,,
4x8,INT8,T3,256,97,1,16,7,10,64,8,0.3299,16.49,1060560.3,254.82,routed lap + synthesized IPD delta (ESTIMATE),,,,,,,,,,,,,,
4x8,INT8,T3,1024,145,1,64,7,10,64,8,0.88276,44.14,1060560.3,681.86,routed lap + synthesized IPD delta (ESTIMATE),,,,,,,,,,,,,,
4x8,INT8,T3,4096,337,1,256,7,10,64,8,1.51929,75.96,1060560.3,1173.53,routed lap + synthesized IPD delta (ESTIMATE),,,,,,,,,,,,,,
4x8,INT8,T3,65536,4258,2,4096,14,20,128,8,1.92391,96.2,1060560.3,1486.07,routed lap + synthesized IPD delta (ESTIMATE),,,,,,,,,,,,,,
4x8,INT8,T4,128,131,1,8,49,10,64,8,0.12214,6.11,1060649.5,94.33,routed + T4 tile/rotator PLACEHOLDER,,,,,,,,,,,,,,
4x8,INT8,T4,256,133,1,16,43,10,64,8,0.2406,12.03,1060649.5,185.83,routed + T4 tile/rotator PLACEHOLDER,,,,,,,,,,,,,,
4x8,INT8,T4,1024,145,1,64,7,10,64,8,0.88276,44.14,1060649.5,681.8,routed + T4 tile/rotator PLACEHOLDER,,,,,,,,,,,,,,
4x8,INT8,T4,4096,337,1,256,7,10,64,8,1.51929,75.96,1060649.5,1173.43,routed + T4 tile/rotator PLACEHOLDER,,,,,,,,,,,,,,
4x8,INT8,T4,65536,4258,2,4096,14,20,128,8,1.92391,96.2,1060649.5,1485.94,routed + T4 tile/rotator PLACEHOLDER,,,,,,,,,,,,,,
4x8,INT8,"H(2,8)",128,154,1,16,64,10,64,16,0.20779,10.39,1031944.1,164.95,routed + H combiner PLACEHOLDER,"(2,8)",,,,,,,,,,,,,
4x8,INT8,"H(2,8)",256,170,1,32,64,10,64,16,0.37647,18.82,1031944.1,298.86,routed + H combiner PLACEHOLDER,"(2,8)",,,,,,,,,,,,,
4x8,INT8,"H(2,8)",1024,266,1,128,64,10,64,16,0.96241,48.12,1031944.1,764.0,routed + H combiner PLACEHOLDER,"(2,8)",,,,,,,,,,,,,
4x8,INT8,"H(2,8)",4096,650,1,512,64,10,64,16,1.57538,78.77,1031944.1,1250.61,routed + H combiner PLACEHOLDER,"(2,8)",,,,,,,,,,,,,
4x8,INT8,"H(2,8)",65536,8744,4,8192,256,40,256,16,1.87374,93.69,1031944.1,1487.45,routed + H combiner PLACEHOLDER,"(2,8)",,,,,,,,,,,,,
4x8,INT8,"H(4,4)",128,138,1,16,48,10,64,16,0.23188,11.59,1032492.9,183.98,routed + H combiner PLACEHOLDER + column Horner PLACEHOLDER,"(4,4)",,,,,,,,,,,,,
4x8,INT8,"H(4,4)",256,154,1,32,48,10,64,16,0.41558,20.78,1032492.9,329.73,routed + H combiner PLACEHOLDER + column Horner PLACEHOLDER,"(4,4)",,,,,,,,,,,,,
4x8,INT8,"H(4,4)",1024,250,1,128,48,10,64,16,1.024,51.2,1032492.9,812.46,routed + H combiner PLACEHOLDER + column Horner PLACEHOLDER,"(4,4)",,,,,,,,,,,,,
4x8,INT8,"H(4,4)",4096,634,1,512,48,10,64,16,1.61514,80.76,1032492.9,1281.49,routed + H combiner PLACEHOLDER + column Horner PLACEHOLDER,"(4,4)",,,,,,,,,,,,,
4x8,INT8,"H(4,4)",65536,8436,2,8192,96,20,128,16,1.94215,97.11,1032492.9,1540.94,routed + H combiner PLACEHOLDER + column Horner PLACEHOLDER,"(4,4)",,,,,,,,,,,,,
4x8,INT8,"H(4,8)",128,186,1,32,80,10,64,32,0.34409,17.2,1031944.1,273.15,routed + H combiner PLACEHOLDER,"(4,8)",,,,,,,,,,,,,
4x8,INT8,"H(4,8)",256,218,1,64,80,10,64,32,0.58716,29.36,1031944.1,466.11,routed + H combiner PLACEHOLDER,"(4,8)",,,,,,,,,,,,,
4x8,INT8,"H(4,8)",1024,410,1,256,80,10,64,32,1.24878,62.44,1031944.1,991.33,routed + H combiner PLACEHOLDER,"(4,8)",,,,,,,,,,,,,
4x8,INT8,"H(4,8)",4096,1178,1,1024,80,10,64,32,1.73854,86.93,1031944.1,1380.13,routed + H combiner PLACEHOLDER,"(4,8)",,,,,,,,,,,,,
4x8,INT8,"H(4,8)",65536,18848,16,16384,1280,160,1024,32,1.73854,86.93,1031944.1,1380.13,routed + H combiner PLACEHOLDER,"(4,8)",,,,,,,,,,,,,
4x8,INT8,"H(8,8)",128,250,1,64,112,10,64,64,0.512,25.6,1031944.1,406.45,routed + H combiner PLACEHOLDER,"(8,8)",,,,,,,,,,,,,
4x8,INT8,"H(8,8)",256,314,1,128,112,10,64,64,0.81529,40.76,1031944.1,647.21,routed + H combiner PLACEHOLDER,"(8,8)",,,,,,,,,,,,,
4x8,INT8,"H(8,8)",1024,1134,3,576,336,30,192,64,0.903,45.15,1031944.1,716.84,routed + H combiner PLACEHOLDER,"(8,8)",,,,,,,,,,,,,
4x8,INT8,"H(8,8)",4096,3978,9,2304,1008,90,576,64,1.02966,51.48,1031944.1,817.39,routed + H combiner PLACEHOLDER,"(8,8)",,,,,,,,,,,,,
4x8,INT8,"H(8,8)",65536,57018,129,33024,14448,1290,8256,64,1.14939,57.47,1031944.1,912.43,routed + H combiner PLACEHOLDER,"(8,8)",,,,,,,,,,,,,
4x8,INT8,H best,128,250,1,64,112,10,64,64,0.512,25.6,1031944.1,406.45,routed + H combiner PLACEHOLDER,"(8,8)",,,,,,,,,,,,,
4x8,INT8,H best,256,314,1,128,112,10,64,64,0.81529,40.76,1031944.1,647.21,routed + H combiner PLACEHOLDER,"(8,8)",,,,,,,,,,,,,
4x8,INT8,H best,1024,410,1,256,80,10,64,32,1.24878,62.44,1031944.1,991.33,routed + H combiner PLACEHOLDER,"(4,8)",,,,,,,,,,,,,
4x8,INT8,H best,4096,1178,1,1024,80,10,64,32,1.73854,86.93,1031944.1,1380.13,routed + H combiner PLACEHOLDER,"(4,8)",,,,,,,,,,,,,
4x8,INT8,H best,65536,4202,1,4096,32,10,64,8,1.94955,97.48,1032492.9,1546.81,routed + H combiner PLACEHOLDER + column Horner PLACEHOLDER,"(2,4)",,,,,,,,,,,,,
4x8,INT8,H3 best,128,152,1,64,14,10,64,64,0.84211,42.11,1062964.1,648.99,"routed + T3 laps (synth. delta, ESTIMATE) + H combiner PLACEHOLDER","(8,8)",,,,,,,,,,,,,
4x8,INT8,H3 best,256,216,1,128,14,10,64,64,1.18519,59.26,1062964.1,913.39,"routed + T3 laps (synth. delta, ESTIMATE) + H combiner PLACEHOLDER","(8,8)",,,,,,,,,,,,,
4x8,INT8,H3 best,1024,340,1,256,10,10,64,32,1.50588,75.29,1062964.1,1160.55,"routed + T3 laps (synth. delta, ESTIMATE) + H combiner PLACEHOLDER","(4,8)",,,,,,,,,,,,,
4x8,INT8,H3 best,4096,1108,1,1024,10,10,64,32,1.84838,92.42,1062964.1,1424.5,"routed + T3 laps (synth. delta, ESTIMATE) + H combiner PLACEHOLDER","(4,8)",,,,,,,,,,,,,
4x8,INT8,H3 best,65536,4174,1,4096,4,10,64,8,1.96263,98.13,1063512.9,1511.77,"routed + T3 laps (synth. delta, ESTIMATE) + H combiner PLACEHOLDER + column Horner PLACEHOLDER","(2,4)",,,,,,,,,,,,,
4x8,W4A8,T1g,128,132,1,4,54,10,64,8,0.12121,3.03,1029540.4,96.45,routed,,,,,,,,,,,,,,
4x8,W4A8,T1g,256,136,1,8,54,10,64,8,0.23529,5.88,1029540.4,187.22,routed,,,,,,,,,,,,,,
4x8,W4A8,T1g,1024,160,1,32,54,10,64,8,0.8,20.0,1029540.4,636.56,routed,,,,,,,,,,,,,,
4x8,W4A8,T1g,4096,256,1,128,54,10,64,8,2.0,50.0,1029540.4,1591.39,routed,,,,,,,,,,,,,,
4x8,W4A8,T1g,65536,2176,1,2048,54,10,64,8,3.76471,94.12,1029540.4,2995.56,routed,,,,,,,,,,,,,,
4x8,W4A8,T1,128,102,1,4,24,10,64,8,0.15686,3.92,1029540.4,124.81,routed,,,,,,,,,,,,,,
4x8,W4A8,T1,256,106,1,8,24,10,64,8,0.30189,7.55,1029540.4,240.21,routed,,,,,,,,,,,,,,
4x8,W4A8,T1,1024,130,1,32,24,10,64,8,0.98462,24.62,1029540.4,783.45,routed,,,,,,,,,,,,,,
4x8,W4A8,T1,4096,226,1,128,24,10,64,8,2.26549,56.64,1029540.4,1802.64,routed,,,,,,,,,,,,,,
4x8,W4A8,T1,65536,2146,1,2048,24,10,64,8,3.81733,95.43,1029540.4,3037.43,routed,,,,,,,,,,,,,,
4x8,W4A8,T2 S=2,128,84,1,2,8,10,64,4,0.09524,2.38,1030089.2,75.74,routed + Horner PLACEHOLDER,,,,,,,,,,,,,,
4x8,W4A8,T2 S=2,256,86,1,4,8,10,64,4,0.18605,4.65,1030089.2,147.96,routed + Horner PLACEHOLDER,,,,,,,,,,,,,,
4x8,W4A8,T2 S=2,1024,98,1,16,8,10,64,4,0.65306,16.33,1030089.2,519.36,routed + Horner PLACEHOLDER,,,,,,,,,,,,,,
4x8,W4A8,T2 S=2,4096,146,1,64,8,10,64,4,1.75342,43.84,1030089.2,1394.45,routed + Horner PLACEHOLDER,,,,,,,,,,,,,,
4x8,W4A8,T2 S=2,65536,1106,1,1024,8,10,64,4,3.70344,92.59,1030089.2,2945.23,routed + Horner PLACEHOLDER,,,,,,,,,,,,,,
4x8,W4A8,T2 S=4,128,75,1,1,0,10,64,2,0.05333,1.33,1025560.8,42.6,routed + Horner PLACEHOLDER - routed ring,,,,,,,,,,,,,,
4x8,W4A8,T2 S=4,256,76,1,2,0,10,64,2,0.10526,2.63,1025560.8,84.08,routed + Horner PLACEHOLDER - routed ring,,,,,,,,,,,,,,
4x8,W4A8,T2 S=4,1024,82,1,8,0,10,64,2,0.39024,9.76,1025560.8,311.72,routed + Horner PLACEHOLDER - routed ring,,,,,,,,,,,,,,
4x8,W4A8,T2 S=4,4096,106,1,32,0,10,64,2,1.20755,30.19,1025560.8,964.57,routed + Horner PLACEHOLDER - routed ring,,,,,,,,,,,,,,
4x8,W4A8,T2 S=4,65536,586,1,512,0,10,64,2,3.49488,87.37,1025560.8,2791.65,routed + Horner PLACEHOLDER - routed ring,,,,,,,,,,,,,,
4x8,W4A8,T3,128,81,1,4,3,10,64,8,0.19753,4.94,1060560.3,152.58,routed lap + synthesized IPD delta (ESTIMATE),,,,,,,,,,,,,,
4x8,W4A8,T3,256,85,1,8,3,10,64,8,0.37647,9.41,1060560.3,290.79,routed lap + synthesized IPD delta (ESTIMATE),,,,,,,,,,,,,,
4x8,W4A8,T3,1024,109,1,32,3,10,64,8,1.17431,29.36,1060560.3,907.06,routed lap + synthesized IPD delta (ESTIMATE),,,,,,,,,,,,,,
4x8,W4A8,T3,4096,205,1,128,3,10,64,8,2.49756,62.44,1060560.3,1929.17,routed lap + synthesized IPD delta (ESTIMATE),,,,,,,,,,,,,,
4x8,W4A8,T3,65536,2125,1,2048,3,10,64,8,3.85506,96.38,1060560.3,2977.73,routed lap + synthesized IPD delta (ESTIMATE),,,,,,,,,,,,,,
4x8,W4A8,T4,128,99,1,4,21,10,64,8,0.16162,4.04,1060649.5,124.83,routed + T4 tile/rotator PLACEHOLDER,,,,,,,,,,,,,,
4x8,W4A8,T4,256,101,1,8,19,10,64,8,0.31683,7.92,1060649.5,244.71,routed + T4 tile/rotator PLACEHOLDER,,,,,,,,,,,,,,
4x8,W4A8,T4,1024,113,1,32,7,10,64,8,1.13274,28.32,1060649.5,874.88,routed + T4 tile/rotator PLACEHOLDER,,,,,,,,,,,,,,
4x8,W4A8,T4,4096,209,1,128,7,10,64,8,2.44976,61.24,1060649.5,1892.09,routed + T4 tile/rotator PLACEHOLDER,,,,,,,,,,,,,,
4x8,W4A8,T4,65536,2129,1,2048,7,10,64,8,3.84782,96.2,1060649.5,2971.89,routed + T4 tile/rotator PLACEHOLDER,,,,,,,,,,,,,,
4x8,W4A8,"H(4,4)",128,138,1,16,48,10,64,32,0.46377,11.59,1031944.1,368.16,routed + H combiner PLACEHOLDER,"(4,4)",,,,,,,,,,,,,
4x8,W4A8,"H(4,4)",256,154,1,32,48,10,64,32,0.83117,20.78,1031944.1,659.82,routed + H combiner PLACEHOLDER,"(4,4)",,,,,,,,,,,,,
4x8,W4A8,"H(4,4)",1024,250,1,128,48,10,64,32,2.048,51.2,1031944.1,1625.79,routed + H combiner PLACEHOLDER,"(4,4)",,,,,,,,,,,,,
4x8,W4A8,"H(4,4)",4096,634,1,512,48,10,64,32,3.23028,80.76,1031944.1,2564.33,routed + H combiner PLACEHOLDER,"(4,4)",,,,,,,,,,,,,
4x8,W4A8,"H(4,4)",65536,8314,1,8192,48,10,64,32,3.9413,98.53,1031944.1,3128.77,routed + H combiner PLACEHOLDER,"(4,4)",,,,,,,,,,,,,
4x8,W4A8,"H(8,4)",128,186,1,32,80,10,64,64,0.68817,17.2,1031944.1,546.3,routed + H combiner PLACEHOLDER,"(8,4)",,,,,,,,,,,,,
4x8,W4A8,"H(8,4)",256,218,1,64,80,10,64,64,1.17431,29.36,1031944.1,932.22,routed + H combiner PLACEHOLDER,"(8,4)",,,,,,,,,,,,,
4x8,W4A8,"H(8,4)",1024,410,1,256,80,10,64,64,2.49756,62.44,1031944.1,1982.67,routed + H combiner PLACEHOLDER,"(8,4)",,,,,,,,,,,,,
4x8,W4A8,"H(8,4)",4096,1178,1,1024,80,10,64,64,3.47708,86.93,1031944.1,2760.25,routed + H combiner PLACEHOLDER,"(8,4)",,,,,,,,,,,,,
4x8,W4A8,"H(8,4)",65536,17802,9,16416,720,90,576,64,3.68138,92.03,1031944.1,2922.44,routed + H combiner PLACEHOLDER,"(8,4)",,,,,,,,,,,,,
4x8,W4A8,H best,128,186,1,32,80,10,64,64,0.68817,17.2,1031944.1,546.3,routed + H combiner PLACEHOLDER,"(8,4)",,,,,,,,,,,,,
4x8,W4A8,H best,256,218,1,64,80,10,64,64,1.17431,29.36,1031944.1,932.22,routed + H combiner PLACEHOLDER,"(8,4)",,,,,,,,,,,,,
4x8,W4A8,H best,1024,410,1,256,80,10,64,64,2.49756,62.44,1031944.1,1982.67,routed + H combiner PLACEHOLDER,"(8,4)",,,,,,,,,,,,,
4x8,W4A8,H best,4096,1178,1,1024,80,10,64,64,3.47708,86.93,1031944.1,2760.25,routed + H combiner PLACEHOLDER,"(8,4)",,,,,,,,,,,,,
4x8,W4A8,H best,65536,8314,1,8192,48,10,64,32,3.9413,98.53,1031944.1,3128.77,routed + H combiner PLACEHOLDER,"(4,4)",,,,,,,,,,,,,
4x8,W4A8,H3 best,128,116,1,32,10,10,64,64,1.10345,27.59,1062964.1,850.4,"routed + T3 laps (synth. delta, ESTIMATE) + H combiner PLACEHOLDER","(8,4)",,,,,,,,,,,,,
4x8,W4A8,H3 best,256,148,1,64,10,10,64,64,1.72973,43.24,1062964.1,1333.06,"routed + T3 laps (synth. delta, ESTIMATE) + H combiner PLACEHOLDER","(8,4)",,,,,,,,,,,,,
4x8,W4A8,H3 best,1024,340,1,256,10,10,64,64,3.01176,75.29,1062964.1,2321.09,"routed + T3 laps (synth. delta, ESTIMATE) + H combiner PLACEHOLDER","(8,4)",,,,,,,,,,,,,
4x8,W4A8,H3 best,4096,1108,1,1024,10,10,64,64,3.69675,92.42,1062964.1,2848.99,"routed + T3 laps (synth. delta, ESTIMATE) + H combiner PLACEHOLDER","(8,4)",,,,,,,,,,,,,
4x8,W4A8,H3 best,65536,8272,1,8192,6,10,64,32,3.96132,99.03,1062964.1,3052.89,"routed + T3 laps (synth. delta, ESTIMATE) + H combiner PLACEHOLDER","(4,4)",,,,,,,,,,,,,
4x8,INT4,T1g,128,132,1,4,54,10,64,16,0.24242,3.03,1029540.4,192.9,routed,,,,,,,,,,,,,,
4x8,INT4,T1g,256,136,1,8,54,10,64,16,0.47059,5.88,1029540.4,374.44,routed,,,,,,,,,,,,,,
4x8,INT4,T1g,1024,160,1,32,54,10,64,16,1.6,20.0,1029540.4,1273.11,routed,,,,,,,,,,,,,,
4x8,INT4,T1g,4096,256,1,128,54,10,64,16,4.0,50.0,1029540.4,3182.78,routed,,,,,,,,,,,,,,
4x8,INT4,T1g,65536,2176,1,2048,54,10,64,16,7.52941,94.12,1029540.4,5991.11,routed,,,,,,,,,,,,,,
4x8,INT4,T1,128,102,1,4,24,10,64,16,0.31373,3.92,1029540.4,249.63,routed,,,,,,,,,,,,,,
4x8,INT4,T1,256,106,1,8,24,10,64,16,0.60377,7.55,1029540.4,480.42,routed,,,,,,,,,,,,,,
4x8,INT4,T1,1024,130,1,32,24,10,64,16,1.96923,24.62,1029540.4,1566.91,routed,,,,,,,,,,,,,,
4x8,INT4,T1,4096,226,1,128,24,10,64,16,4.53097,56.64,1029540.4,3605.27,routed,,,,,,,,,,,,,,
4x8,INT4,T1,65536,2146,1,2048,24,10,64,16,7.63467,95.43,1029540.4,6074.87,routed,,,,,,,,,,,,,,
4x8,INT4,T2 S=2,128,84,1,2,8,10,64,8,0.19048,2.38,1030089.2,151.48,routed + Horner PLACEHOLDER,,,,,,,,,,,,,,
4x8,INT4,T2 S=2,256,86,1,4,8,10,64,8,0.37209,4.65,1030089.2,295.91,routed + Horner PLACEHOLDER,,,,,,,,,,,,,,
4x8,INT4,T2 S=2,1024,98,1,16,8,10,64,8,1.30612,16.33,1030089.2,1038.72,routed + Horner PLACEHOLDER,,,,,,,,,,,,,,
4x8,INT4,T2 S=2,4096,146,1,64,8,10,64,8,3.50685,43.84,1030089.2,2788.9,routed + Horner PLACEHOLDER,,,,,,,,,,,,,,
4x8,INT4,T2 S=2,65536,1106,1,1024,8,10,64,8,7.40687,92.59,1030089.2,5890.47,routed + Horner PLACEHOLDER,,,,,,,,,,,,,,
4x8,INT4,T2 S=4,128,75,1,1,0,10,64,4,0.10667,1.33,1025560.8,85.2,routed + Horner PLACEHOLDER - routed ring,,,,,,,,,,,,,,
4x8,INT4,T2 S=4,256,76,1,2,0,10,64,4,0.21053,2.63,1025560.8,168.16,routed + Horner PLACEHOLDER - routed ring,,,,,,,,,,,,,,
4x8,INT4,T2 S=4,1024,82,1,8,0,10,64,4,0.78049,9.76,1025560.8,623.44,routed + Horner PLACEHOLDER - routed ring,,,,,,,,,,,,,,
4x8,INT4,T2 S=4,4096,106,1,32,0,10,64,4,2.41509,30.19,1025560.8,1929.14,routed + Horner PLACEHOLDER - routed ring,,,,,,,,,,,,,,
4x8,INT4,T2 S=4,65536,586,1,512,0,10,64,4,6.98976,87.37,1025560.8,5583.3,routed + Horner PLACEHOLDER - routed ring,,,,,,,,,,,,,,
4x8,INT4,T3,128,81,1,4,3,10,64,16,0.39506,4.94,1060560.3,305.15,routed lap + synthesized IPD delta (ESTIMATE),,,,,,,,,,,,,,
4x8,INT4,T3,256,85,1,8,3,10,64,16,0.75294,9.41,1060560.3,581.59,routed lap + synthesized IPD delta (ESTIMATE),,,,,,,,,,,,,,
4x8,INT4,T3,1024,109,1,32,3,10,64,16,2.34862,29.36,1060560.3,1814.13,routed lap + synthesized IPD delta (ESTIMATE),,,,,,,,,,,,,,
4x8,INT4,T3,4096,205,1,128,3,10,64,16,4.99512,62.44,1060560.3,3858.34,routed lap + synthesized IPD delta (ESTIMATE),,,,,,,,,,,,,,
4x8,INT4,T3,65536,2125,1,2048,3,10,64,16,7.71012,96.38,1060560.3,5955.46,routed lap + synthesized IPD delta (ESTIMATE),,,,,,,,,,,,,,
4x8,INT4,T4,128,99,1,4,21,10,64,16,0.32323,4.04,1060649.5,249.65,routed + T4 tile/rotator PLACEHOLDER,,,,,,,,,,,,,,
4x8,INT4,T4,256,101,1,8,19,10,64,16,0.63366,7.92,1060649.5,489.41,routed + T4 tile/rotator PLACEHOLDER,,,,,,,,,,,,,,
4x8,INT4,T4,1024,113,1,32,7,10,64,16,2.26549,28.32,1060649.5,1749.76,routed + T4 tile/rotator PLACEHOLDER,,,,,,,,,,,,,,
4x8,INT4,T4,4096,209,1,128,7,10,64,16,4.89952,61.24,1060649.5,3784.18,routed + T4 tile/rotator PLACEHOLDER,,,,,,,,,,,,,,
4x8,INT4,T4,65536,2129,1,2048,7,10,64,16,7.69563,96.2,1060649.5,5943.77,routed + T4 tile/rotator PLACEHOLDER,,,,,,,,,,,,,,
4x8,INT4,"H(2,4)",128,114,1,8,32,10,64,32,0.5614,7.02,1031944.1,445.67,routed + H combiner PLACEHOLDER,"(2,4)",,,,,,,,,,,,,
4x8,INT4,"H(2,4)",256,122,1,16,32,10,64,32,1.04918,13.11,1031944.1,832.88,routed + H combiner PLACEHOLDER,"(2,4)",,,,,,,,,,,,,
4x8,INT4,"H(2,4)",1024,170,1,64,32,10,64,32,3.01176,37.65,1031944.1,2390.86,routed + H combiner PLACEHOLDER,"(2,4)",,,,,,,,,,,,,
4x8,INT4,"H(2,4)",4096,362,1,256,32,10,64,32,5.65746,70.72,1031944.1,4491.13,routed + H combiner PLACEHOLDER,"(2,4)",,,,,,,,,,,,,
4x8,INT4,"H(2,4)",65536,4202,1,4096,32,10,64,32,7.79819,97.48,1031944.1,6190.53,routed + H combiner PLACEHOLDER,"(2,4)",,,,,,,,,,,,,
4x8,INT4,"H(4,4)",128,138,1,16,48,10,64,64,0.92754,11.59,1031944.1,736.32,routed + H combiner PLACEHOLDER,"(4,4)",,,,,,,,,,,,,
4x8,INT4,"H(4,4)",256,154,1,32,48,10,64,64,1.66234,20.78,1031944.1,1319.63,routed + H combiner PLACEHOLDER,"(4,4)",,,,,,,,,,,,,
4x8,INT4,"H(4,4)",1024,250,1,128,48,10,64,64,4.096,51.2,1031944.1,3251.57,routed + H combiner PLACEHOLDER,"(4,4)",,,,,,,,,,,,,
4x8,INT4,"H(4,4)",4096,634,1,512,48,10,64,64,6.46057,80.76,1031944.1,5128.67,routed + H combiner PLACEHOLDER,"(4,4)",,,,,,,,,,,,,
4x8,INT4,"H(4,4)",65536,8314,1,8192,48,10,64,64,7.88261,98.53,1031944.1,6257.54,routed + H combiner PLACEHOLDER,"(4,4)",,,,,,,,,,,,,
4x8,INT4,H best,128,138,1,16,48,10,64,64,0.92754,11.59,1031944.1,736.32,routed + H combiner PLACEHOLDER,"(4,4)",,,,,,,,,,,,,
4x8,INT4,H best,256,154,1,32,48,10,64,64,1.66234,20.78,1031944.1,1319.63,routed + H combiner PLACEHOLDER,"(4,4)",,,,,,,,,,,,,
4x8,INT4,H best,1024,250,1,128,48,10,64,64,4.096,51.2,1031944.1,3251.57,routed + H combiner PLACEHOLDER,"(4,4)",,,,,,,,,,,,,
4x8,INT4,H best,4096,634,1,512,48,10,64,64,6.46057,80.76,1031944.1,5128.67,routed + H combiner PLACEHOLDER,"(4,4)",,,,,,,,,,,,,
4x8,INT4,H best,65536,8314,1,8192,48,10,64,64,7.88261,98.53,1031944.1,6257.54,routed + H combiner PLACEHOLDER,"(4,4)",,,,,,,,,,,,,
4x8,INT4,H3 best,128,96,1,16,6,10,64,64,1.33333,16.67,1062964.1,1027.57,"routed + T3 laps (synth. delta, ESTIMATE) + H combiner PLACEHOLDER","(4,4)",,,,,,,,,,,,,
4x8,INT4,H3 best,256,112,1,32,6,10,64,64,2.28571,28.57,1062964.1,1761.54,"routed + T3 laps (synth. delta, ESTIMATE) + H combiner PLACEHOLDER","(4,4)",,,,,,,,,,,,,
4x8,INT4,H3 best,1024,208,1,128,6,10,64,64,4.92308,61.54,1062964.1,3794.09,"routed + T3 laps (synth. delta, ESTIMATE) + H combiner PLACEHOLDER","(4,4)",,,,,,,,,,,,,
4x8,INT4,H3 best,4096,592,1,512,6,10,64,64,6.91892,86.49,1062964.1,5332.24,"routed + T3 laps (synth. delta, ESTIMATE) + H combiner PLACEHOLDER","(4,4)",,,,,,,,,,,,,
4x8,INT4,H3 best,65536,8272,1,8192,6,10,64,64,7.92263,99.03,1062964.1,6105.77,"routed + T3 laps (synth. delta, ESTIMATE) + H combiner PLACEHOLDER","(4,4)",,,,,,,,,,,,,
1PE,INT8,T1,1024,,,,,,,,,,,,,,(i) 72 b/cyc avg,7.03,6.57,7.03,72.97,78.1,0.58,,,,,,
1PE,INT8,T1,1024,,,,,,,,,,,,,,(ii) 576 b every cyc,56.25,36.0,50.0,399.86,555.36,3.58,,,,,,
1PE,INT8,T2 S=2,1024,,,,,,,,,,,,,,(i) 72 b/cyc avg,7.03,6.57,7.03,72.75,77.87,0.58,,,,,,
1PE,INT8,T2 S=2,1024,,,,,,,,,,,,,,(ii) 576 b every cyc,56.25,36.0,50.0,398.67,553.71,3.58,,,,,,
1PE,INT8,T2 S=4,1024,,,,,,,,,,,,,,(i) 72 b/cyc avg,7.03,6.57,7.03,72.75,77.87,0.58,,,,,,
1PE,INT8,T2 S=4,1024,,,,,,,,,,,,,,(ii) 576 b every cyc,56.25,36.0,50.0,398.67,553.71,3.58,,,,,,
1PE,INT8,T2 S=8,1024,,,,,,,,,,,,,,(i) 72 b/cyc avg,7.03,6.57,7.03,72.97,78.1,0.58,,,,,,
1PE,INT8,T2 S=8,1024,,,,,,,,,,,,,,(ii) 576 b every cyc,56.25,36.0,50.0,399.89,555.41,3.58,,,,,,
1PE,INT8,T3,1024,,,,,,,,,,,,,,(i) 72 b/cyc avg,7.03,6.92,7.03,75.25,76.49,0.58,,,,,,
1PE,INT8,T3,1024,,,,,,,,,,,,,,(ii) 576 b every cyc,56.25,49.7,56.25,540.63,611.91,4.61,,,,,,
1PE,INT8,T4,1024,,,,,,,,,,,,,,(i) 72 b/cyc avg,7.03,6.92,7.03,72.8,74.0,1.08,,,,,,
1PE,INT8,T4,1024,,,,,,,,,,,,,,(ii) 576 b every cyc,56.25,49.7,56.25,523.04,591.99,8.64,,,,,,
1PE,INT8,"H(4,8)",1024,,,,,,,,,,,,,,(i) 72 b/cyc avg,7.03,6.87,7.03,75.27,77.09,0.58,,,,,,
1PE,INT8,"H(4,8)",1024,,,,,,,,,,,,,,(ii) 576 b every cyc,56.25,47.14,56.25,516.81,616.74,4.61,,,,,,
1PE,W4A8,T1,1024,,,,,,,,,,,,,,(i) 72 b/cyc avg,7.03,6.57,7.03,145.93,156.19,0.58,,,,,,
1PE,W4A8,T1,1024,,,,,,,,,,,,,,(ii) 576 b every cyc,56.25,36.0,50.0,799.71,1110.71,3.58,,,,,,
1PE,W4A8,T2 S=2,1024,,,,,,,,,,,,,,(i) 72 b/cyc avg,7.03,6.57,7.03,145.5,155.73,0.58,,,,,,
1PE,W4A8,T2 S=2,1024,,,,,,,,,,,,,,(ii) 576 b every cyc,56.25,36.0,50.0,797.34,1107.42,3.58,,,,,,
1PE,W4A8,T2 S=4,1024,,,,,,,,,,,,,,(i) 72 b/cyc avg,7.03,6.57,7.03,145.95,156.21,0.58,,,,,,
1PE,W4A8,T2 S=4,1024,,,,,,,,,,,,,,(ii) 576 b every cyc,56.25,36.0,50.0,799.79,1110.82,3.58,,,,,,
1PE,W4A8,T3,1024,,,,,,,,,,,,,,(i) 72 b/cyc avg,7.03,6.87,7.03,149.37,152.98,0.58,,,,,,
1PE,W4A8,T3,1024,,,,,,,,,,,,,,(ii) 576 b every cyc,56.25,47.14,56.25,1025.52,1223.81,4.61,,,,,,
1PE,W4A8,T4,1024,,,,,,,,,,,,,,(i) 72 b/cyc avg,7.03,6.81,7.03,143.28,148.0,1.08,,,,,,
1PE,W4A8,T4,1024,,,,,,,,,,,,,,(ii) 576 b every cyc,56.25,44.51,56.25,936.94,1183.99,8.64,,,,,,
1PE,W4A8,"H(8,4)",1024,,,,,,,,,,,,,,(i) 72 b/cyc avg,7.03,6.87,7.03,150.55,154.18,0.58,,,,,,
1PE,W4A8,"H(8,4)",1024,,,,,,,,,,,,,,(ii) 576 b every cyc,56.25,47.14,56.25,1033.61,1233.47,4.61,,,,,,
1PE,INT4,T1,1024,,,,,,,,,,,,,,(i) 72 b/cyc avg,7.03,6.57,7.03,291.87,312.39,0.58,,,,,,
1PE,INT4,T1,1024,,,,,,,,,,,,,,(ii) 576 b every cyc,56.25,36.0,50.0,1599.43,2221.43,3.58,,,,,,
1PE,INT4,T2 S=2,1024,,,,,,,,,,,,,,(i) 72 b/cyc avg,7.03,6.57,7.03,291.0,311.46,0.58,,,,,,
1PE,INT4,T2 S=2,1024,,,,,,,,,,,,,,(ii) 576 b every cyc,56.25,36.0,50.0,1594.68,2214.84,3.58,,,,,,
1PE,INT4,T2 S=4,1024,,,,,,,,,,,,,,(i) 72 b/cyc avg,7.03,6.57,7.03,291.89,312.42,0.58,,,,,,
1PE,INT4,T2 S=4,1024,,,,,,,,,,,,,,(ii) 576 b every cyc,56.25,36.0,50.0,1599.58,2221.64,3.58,,,,,,
1PE,INT4,T3,1024,,,,,,,,,,,,,,(i) 72 b/cyc avg,7.03,6.87,7.03,298.73,305.95,0.58,,,,,,
1PE,INT4,T3,1024,,,,,,,,,,,,,,(ii) 576 b every cyc,56.25,47.14,56.25,2051.04,2447.62,4.61,,,,,,
1PE,INT4,T4,1024,,,,,,,,,,,,,,(i) 72 b/cyc avg,7.03,6.81,7.03,286.55,296.0,1.08,,,,,,
1PE,INT4,T4,1024,,,,,,,,,,,,,,(ii) 576 b every cyc,56.25,44.51,56.25,1873.88,2367.98,8.64,,,,,,
1PE,INT4,"H(4,4)",1024,,,,,,,,,,,,,,(i) 72 b/cyc avg,7.03,6.82,7.03,299.17,308.37,0.58,,,,,,
1PE,INT4,"H(4,4)",1024,,,,,,,,,,,,,,(ii) 576 b every cyc,56.25,45.14,56.25,1979.74,2466.95,4.61,,,,,,
1PE,INT8,T1,4096,,,,,,,,,,,,,,(i) 72 b/cyc avg,7.03,6.91,7.03,76.75,78.1,0.58,,,,,,
1PE,INT8,T1,4096,,,,,,,,,,,,,,(ii) 576 b every cyc,56.25,49.32,56.25,547.75,624.78,4.61,,,,,,
1PE,INT8,T2 S=2,4096,,,,,,,,,,,,,,(i) 72 b/cyc avg,7.03,6.91,7.03,76.52,77.87,0.58,,,,,,
1PE,INT8,T2 S=2,4096,,,,,,,,,,,,,,(ii) 576 b every cyc,56.25,49.32,56.25,546.12,622.92,4.61,,,,,,
1PE,INT8,T2 S=4,4096,,,,,,,,,,,,,,(i) 72 b/cyc avg,7.03,6.91,7.03,76.52,77.87,0.58,,,,,,
1PE,INT8,T2 S=4,4096,,,,,,,,,,,,,,(ii) 576 b every cyc,56.25,49.32,56.25,546.12,622.92,4.61,,,,,,
1PE,INT8,T2 S=8,4096,,,,,,,,,,,,,,(i) 72 b/cyc avg,7.03,6.91,7.03,76.76,78.1,0.58,,,,,,
1PE,INT8,T2 S=8,4096,,,,,,,,,,,,,,(ii) 576 b every cyc,56.25,49.32,56.25,547.8,624.84,4.61,,,,,,
1PE,INT8,T3,4096,,,,,,,,,,,,,,(i) 72 b/cyc avg,7.03,7.0,7.03,76.17,76.49,0.58,,,,,,
1PE,INT8,T3,4096,,,,,,,,,,,,,,(ii) 576 b every cyc,56.25,54.46,56.25,592.38,611.91,4.61,,,,,,
1PE,INT8,T4,4096,,,,,,,,,,,,,,(i) 72 b/cyc avg,7.03,7.0,7.03,73.7,74.0,1.08,,,,,,
1PE,INT8,T4,4096,,,,,,,,,,,,,,(ii) 576 b every cyc,56.25,54.46,56.25,573.1,591.99,8.64,,,,,,
1PE,INT8,"H(4,8)",4096,,,,,,,,,,,,,,(i) 72 b/cyc avg,7.03,6.99,7.03,76.63,77.09,0.58,,,,,,
1PE,INT8,"H(4,8)",4096,,,,,,,,,,,,,,(ii) 576 b every cyc,56.25,53.66,56.25,588.3,616.74,4.61,,,,,,
1PE,W4A8,T1,4096,,,,,,,,,,,,,,(i) 72 b/cyc avg,7.03,6.91,7.03,153.5,156.19,0.58,,,,,,
1PE,W4A8,T1,4096,,,,,,,,,,,,,,(ii) 576 b every cyc,56.25,49.32,56.25,1095.5,1249.55,4.61,,,,,,
1PE,W4A8,T2 S=2,4096,,,,,,,,,,,,,,(i) 72 b/cyc avg,7.03,6.91,7.03,153.04,155.73,0.58,,,,,,
1PE,W4A8,T2 S=2,4096,,,,,,,,,,,,,,(ii) 576 b every cyc,56.25,49.32,56.25,1092.25,1245.85,4.61,,,,,,
1PE,W4A8,T2 S=4,4096,,,,,,,,,,,,,,(i) 72 b/cyc avg,7.03,6.91,7.03,153.51,156.21,0.58,,,,,,
1PE,W4A8,T2 S=4,4096,,,,,,,,,,,,,,(ii) 576 b every cyc,56.25,49.32,56.25,1095.6,1249.67,4.61,,,,,,
1PE,W4A8,T3,4096,,,,,,,,,,,,,,(i) 72 b/cyc avg,7.03,6.99,7.03,152.06,152.98,0.58,,,,,,
1PE,W4A8,T3,4096,,,,,,,,,,,,,,(ii) 576 b every cyc,56.25,53.66,56.25,1167.38,1223.81,4.61,,,,,,
1PE,W4A8,T4,4096,,,,,,,,,,,,,,(i) 72 b/cyc avg,7.03,6.97,7.03,146.79,148.0,1.08,,,,,,
1PE,W4A8,T4,4096,,,,,,,,,,,,,,(ii) 576 b every cyc,56.25,52.77,56.25,1110.77,1183.99,8.64,,,,,,
1PE,W4A8,"H(8,4)",4096,,,,,,,,,,,,,,(i) 72 b/cyc avg,7.03,6.99,7.03,153.26,154.18,0.58,,,,,,
1PE,W4A8,"H(8,4)",4096,,,,,,,,,,,,,,(ii) 576 b every cyc,56.25,53.66,56.25,1176.6,1233.47,4.61,,,,,,
1PE,INT4,T1,4096,,,,,,,,,,,,,,(i) 72 b/cyc avg,7.03,6.91,7.03,306.99,312.39,0.58,,,,,,
1PE,INT4,T1,4096,,,,,,,,,,,,,,(ii) 576 b every cyc,56.25,49.32,56.25,2191.0,2499.11,4.61,,,,,,
1PE,INT4,T2 S=2,4096,,,,,,,,,,,,,,(i) 72 b/cyc avg,7.03,6.91,7.03,306.08,311.46,0.58,,,,,,
1PE,INT4,T2 S=2,4096,,,,,,,,,,,,,,(ii) 576 b every cyc,56.25,49.32,56.25,2184.5,2491.69,4.61,,,,,,
1PE,INT4,T2 S=4,4096,,,,,,,,,,,,,,(i) 72 b/cyc avg,7.03,6.91,7.03,307.02,312.42,0.58,,,,,,
1PE,INT4,T2 S=4,4096,,,,,,,,,,,,,,(ii) 576 b every cyc,56.25,49.32,56.25,2191.2,2499.34,4.61,,,,,,
1PE,INT4,T3,4096,,,,,,,,,,,,,,(i) 72 b/cyc avg,7.03,6.99,7.03,304.12,305.95,0.58,,,,,,
1PE,INT4,T3,4096,,,,,,,,,,,,,,(ii) 576 b every cyc,56.25,53.66,56.25,2334.76,2447.62,4.61,,,,,,
1PE,INT4,T4,4096,,,,,,,,,,,,,,(i) 72 b/cyc avg,7.03,6.97,7.03,293.58,296.0,1.08,,,,,,
1PE,INT4,T4,4096,,,,,,,,,,,,,,(ii) 576 b every cyc,56.25,52.77,56.25,2221.54,2367.98,8.64,,,,,,
1PE,INT4,"H(4,4)",4096,,,,,,,,,,,,,,(i) 72 b/cyc avg,7.03,6.98,7.03,306.02,308.37,0.58,,,,,,
1PE,INT4,"H(4,4)",4096,,,,,,,,,,,,,,(ii) 576 b every cyc,56.25,52.99,56.25,2323.97,2466.95,4.61,,,,,,
4x4,INT8,T1,1024,,,,,,,,,,,,,,(i) 72 b/cyc avg,7.03,6.37,7.03,98.26,108.41,2.74,,,,,,
4x4,INT8,T1,1024,,,,,,,,,,,,,,(ii) 576 b every cyc,56.25,30.8,40.51,474.91,624.53,3.58,,,,,,
4x4,INT8,T2 S=2,1024,,,,,,,,,,,,,,(i) 72 b/cyc avg,7.03,6.19,7.03,95.31,108.3,2.74,,,,,,
4x4,INT8,T2 S=2,1024,,,,,,,,,,,,,,(ii) 576 b every cyc,56.25,26.92,34.04,414.57,524.33,3.58,,,,,,
4x4,INT8,T2 S=4,1024,,,,,,,,,,,,,,(i) 72 b/cyc avg,7.03,5.85,7.03,90.09,108.3,2.74,,,,,,
4x4,INT8,T2 S=4,1024,,,,,,,,,,,,,,(ii) 576 b every cyc,56.25,21.49,25.81,331.03,397.48,3.58,,,,,,
4x4,INT8,T2 S=8,1024,,,,,,,,,,,,,,(i) 72 b/cyc avg,7.03,5.27,7.03,81.53,108.76,2.74,,,,,,
4x4,INT8,T2 S=8,1024,,,,,,,,,,,,,,(ii) 576 b every cyc,56.25,15.32,17.39,236.96,269.01,3.58,,,,,,
4x4,INT8,T3,1024,,,,,,,,,,,,,,(i) 72 b/cyc avg,7.03,6.7,7.03,100.37,105.33,2.74,,,,,,
4x4,INT8,T3,1024,,,,,,,,,,,,,,(ii) 576 b every cyc,56.25,40.31,56.25,603.85,842.67,21.89,,,,,,
4x4,INT8,T4,1024,,,,,,,,,,,,,,(i) 72 b/cyc avg,7.03,6.7,7.03,100.36,105.33,3.24,,,,,,
4x4,INT8,T4,1024,,,,,,,,,,,,,,(ii) 576 b every cyc,56.25,40.31,56.25,603.8,842.6,25.92,,,,,,
4x4,INT8,"H(4,8)",1024,,,,,,,,,,,,,,(i) 72 b/cyc avg,7.03,6.81,7.03,104.53,107.92,2.74,,,,,,
4x4,INT8,"H(4,8)",1024,,,,,,,,,,,,,,(ii) 576 b every cyc,56.25,44.67,56.25,685.6,863.37,21.89,,,,,,
4x4,W4A8,T1,1024,,,,,,,,,,,,,,(i) 72 b/cyc avg,7.03,6.19,7.03,190.82,216.82,2.74,,,,,,
4x4,W4A8,T1,1024,,,,,,,,,,,,,,(ii) 576 b every cyc,56.25,26.92,34.04,829.99,1049.75,3.58,,,,,,
4x4,W4A8,T2 S=2,1024,,,,,,,,,,,,,,(i) 72 b/cyc avg,7.03,5.85,7.03,180.17,216.59,2.74,,,,,,
4x4,W4A8,T2 S=2,1024,,,,,,,,,,,,,,(ii) 576 b every cyc,56.25,21.49,25.81,662.07,794.95,3.58,,,,,,
4x4,W4A8,T2 S=4,1024,,,,,,,,,,,,,,(i) 72 b/cyc avg,7.03,5.27,7.03,163.06,217.52,2.74,,,,,,
4x4,W4A8,T2 S=4,1024,,,,,,,,,,,,,,(ii) 576 b every cyc,56.25,15.32,17.39,473.92,538.02,3.58,,,,,,
4x4,W4A8,T3,1024,,,,,,,,,,,,,,(i) 72 b/cyc avg,7.03,6.45,7.03,193.26,210.67,2.74,,,,,,
4x4,W4A8,T3,1024,,,,,,,,,,,,,,(ii) 576 b every cyc,56.25,32.69,43.84,979.45,1313.39,12.61,,,,,,
4x4,W4A8,T4,1024,,,,,,,,,,,,,,(i) 72 b/cyc avg,7.03,6.4,7.03,191.7,210.65,3.24,,,,,,
4x4,W4A8,T4,1024,,,,,,,,,,,,,,(ii) 576 b every cyc,56.25,31.41,41.56,940.92,1245.06,14.34,,,,,,
4x4,W4A8,"H(8,4)",1024,,,,,,,,,,,,,,(i) 72 b/cyc avg,7.03,6.81,7.03,209.07,215.84,2.74,,,,,,
4x4,W4A8,"H(8,4)",1024,,,,,,,,,,,,,,(ii) 576 b every cyc,56.25,44.67,56.25,1371.21,1726.73,21.89,,,,,,
4x4,INT4,T1,1024,,,,,,,,,,,,,,(i) 72 b/cyc avg,7.03,6.19,7.03,381.64,433.64,2.74,,,,,,
4x4,INT4,T1,1024,,,,,,,,,,,,,,(ii) 576 b every cyc,56.25,26.92,34.04,1659.97,2099.49,3.58,,,,,,
4x4,INT4,T2 S=2,1024,,,,,,,,,,,,,,(i) 72 b/cyc avg,7.03,5.85,7.03,360.35,433.19,2.74,,,,,,
4x4,INT4,T2 S=2,1024,,,,,,,,,,,,,,(ii) 576 b every cyc,56.25,21.49,25.81,1324.13,1589.91,3.58,,,,,,
4x4,INT4,T2 S=4,1024,,,,,,,,,,,,,,(i) 72 b/cyc avg,7.03,5.27,7.03,326.12,435.04,2.74,,,,,,
4x4,INT4,T2 S=4,1024,,,,,,,,,,,,,,(ii) 576 b every cyc,56.25,15.32,17.39,947.83,1076.04,3.58,,,,,,
4x4,INT4,T3,1024,,,,,,,,,,,,,,(i) 72 b/cyc avg,7.03,6.45,7.03,386.52,421.34,2.74,,,,,,
4x4,INT4,T3,1024,,,,,,,,,,,,,,(ii) 576 b every cyc,56.25,32.69,43.84,1958.9,2626.78,12.61,,,,,,
4x4,INT4,T4,1024,,,,,,,,,,,,,,(i) 72 b/cyc avg,7.03,6.4,7.03,383.39,421.3,3.24,,,,,,
4x4,INT4,T4,1024,,,,,,,,,,,,,,(ii) 576 b every cyc,56.25,31.41,41.56,1881.85,2490.12,14.34,,,,,,
4x4,INT4,"H(4,4)",1024,,,,,,,,,,,,,,(i) 72 b/cyc avg,7.03,6.71,7.03,412.21,431.68,2.74,,,,,,
4x4,INT4,"H(4,4)",1024,,,,,,,,,,,,,,(ii) 576 b every cyc,56.25,40.82,56.25,2506.27,3453.46,21.89,,,,,,
4x4,INT8,T1,4096,,,,,,,,,,,,,,(i) 72 b/cyc avg,7.03,6.85,7.03,105.68,108.41,2.74,,,,,,
4x4,INT8,T1,4096,,,,,,,,,,,,,,(ii) 576 b every cyc,56.25,46.62,56.25,718.81,867.27,21.89,,,,,,
4x4,INT8,T2 S=2,4096,,,,,,,,,,,,,,(i) 72 b/cyc avg,7.03,6.8,7.03,104.73,108.3,2.74,,,,,,
4x4,INT8,T2 S=2,4096,,,,,,,,,,,,,,(ii) 576 b every cyc,56.25,44.21,56.25,680.87,866.38,21.89,,,,,,
4x4,INT8,T2 S=4,4096,,,,,,,,,,,,,,(i) 72 b/cyc avg,7.03,6.69,7.03,103.09,108.3,2.74,,,,,,
4x4,INT8,T2 S=4,4096,,,,,,,,,,,,,,(ii) 576 b every cyc,56.25,40.06,56.25,616.95,866.38,21.89,,,,,,
4x4,INT8,T2 S=8,4096,,,,,,,,,,,,,,(i) 72 b/cyc avg,7.03,6.49,7.03,100.38,108.76,2.74,,,,,,
4x4,INT8,T2 S=8,4096,,,,,,,,,,,,,,(ii) 576 b every cyc,56.25,33.72,45.71,521.64,707.11,14.34,,,,,,
4x4,INT8,T3,4096,,,,,,,,,,,,,,(i) 72 b/cyc avg,7.03,6.95,7.03,104.05,105.33,2.74,,,,,,
4x4,INT8,T3,4096,,,,,,,,,,,,,,(ii) 576 b every cyc,56.25,51.19,56.25,766.85,842.67,21.89,,,,,,
4x4,INT8,T4,4096,,,,,,,,,,,,,,(i) 72 b/cyc avg,7.03,6.95,7.03,104.04,105.33,3.24,,,,,,
4x4,INT8,T4,4096,,,,,,,,,,,,,,(ii) 576 b every cyc,56.25,51.19,56.25,766.79,842.6,25.92,,,,,,
4x4,INT8,"H(4,8)",4096,,,,,,,,,,,,,,(i) 72 b/cyc avg,7.03,6.97,7.03,107.05,107.92,2.74,,,,,,
4x4,INT8,"H(4,8)",4096,,,,,,,,,,,,,,(ii) 576 b every cyc,56.25,52.83,56.25,810.81,863.37,21.89,,,,,,
4x4,W4A8,T1,4096,,,,,,,,,,,,,,(i) 72 b/cyc avg,7.03,6.8,7.03,209.68,216.82,2.74,,,,,,
4x4,W4A8,T1,4096,,,,,,,,,,,,,,(ii) 576 b every cyc,56.25,44.21,56.25,1363.14,1734.54,21.89,,,,,,
4x4,W4A8,T2 S=2,4096,,,,,,,,,,,,,,(i) 72 b/cyc avg,7.03,6.69,7.03,206.17,216.59,2.74,,,,,,
4x4,W4A8,T2 S=2,4096,,,,,,,,,,,,,,(ii) 576 b every cyc,56.25,40.06,56.25,1233.89,1732.75,21.89,,,,,,
4x4,W4A8,T2 S=4,4096,,,,,,,,,,,,,,(i) 72 b/cyc avg,7.03,6.49,7.03,200.76,217.52,2.74,,,,,,
4x4,W4A8,T2 S=4,4096,,,,,,,,,,,,,,(ii) 576 b every cyc,56.25,33.72,45.71,1043.28,1414.23,14.34,,,,,,
4x4,W4A8,T3,4096,,,,,,,,,,,,,,(i) 72 b/cyc avg,7.03,6.88,7.03,206.03,210.67,2.74,,,,,,
4x4,W4A8,T3,4096,,,,,,,,,,,,,,(ii) 576 b every cyc,56.25,47.66,56.25,1428.05,1685.34,21.89,,,,,,
4x4,W4A8,T4,4096,,,,,,,,,,,,,,(i) 72 b/cyc avg,7.03,6.86,7.03,205.57,210.65,3.24,,,,,,
4x4,W4A8,T4,4096,,,,,,,,,,,,,,(ii) 576 b every cyc,56.25,46.96,56.25,1406.97,1685.21,25.92,,,,,,
4x4,W4A8,"H(8,4)",4096,,,,,,,,,,,,,,(i) 72 b/cyc avg,7.03,6.97,7.03,214.11,215.84,2.74,,,,,,
4x4,W4A8,"H(8,4)",4096,,,,,,,,,,,,,,(ii) 576 b every cyc,56.25,52.83,56.25,1621.62,1726.73,21.89,,,,,,
4x4,INT4,T1,4096,,,,,,,,,,,,,,(i) 72 b/cyc avg,7.03,6.8,7.03,419.35,433.64,2.74,,,,,,
4x4,INT4,T1,4096,,,,,,,,,,,,,,(ii) 576 b every cyc,56.25,44.21,56.25,2726.28,3469.09,21.89,,,,,,
4x4,INT4,T2 S=2,4096,,,,,,,,,,,,,,(i) 72 b/cyc avg,7.03,6.69,7.03,412.35,433.19,2.74,,,,,,
4x4,INT4,T2 S=2,4096,,,,,,,,,,,,,,(ii) 576 b every cyc,56.25,40.06,56.25,2467.79,3465.51,21.89,,,,,,
4x4,INT4,T2 S=4,4096,,,,,,,,,,,,,,(i) 72 b/cyc avg,7.03,6.49,7.03,401.52,435.04,2.74,,,,,,
4x4,INT4,T2 S=4,4096,,,,,,,,,,,,,,(ii) 576 b every cyc,56.25,33.72,45.71,2086.56,2828.45,14.34,,,,,,
4x4,INT4,T3,4096,,,,,,,,,,,,,,(i) 72 b/cyc avg,7.03,6.88,7.03,412.06,421.34,2.74,,,,,,
4x4,INT4,T3,4096,,,,,,,,,,,,,,(ii) 576 b every cyc,56.25,47.66,56.25,2856.09,3370.69,21.89,,,,,,
4x4,INT4,T4,4096,,,,,,,,,,,,,,(i) 72 b/cyc avg,7.03,6.86,7.03,411.14,421.3,3.24,,,,,,
4x4,INT4,T4,4096,,,,,,,,,,,,,,(ii) 576 b every cyc,56.25,46.96,56.25,2813.95,3370.42,25.92,,,,,,
4x4,INT4,"H(4,4)",4096,,,,,,,,,,,,,,(i) 72 b/cyc avg,7.03,6.95,7.03,426.64,431.68,2.74,,,,,,
4x4,INT4,"H(4,4)",4096,,,,,,,,,,,,,,(ii) 576 b every cyc,56.25,51.39,56.25,3155.34,3453.46,21.89,,,,,,
4x8,INT8,T1,1024,,,,,,,,,,,,,,(i) 72 b/cyc avg,7.03,6.15,7.03,97.91,111.89,5.33,,,,,,
4x8,INT8,T1,1024,,,,,,,,,,,,,,(ii) 576 b every cyc,56.25,26.25,32.99,417.79,524.99,3.58,,,,,,
4x8,INT8,T2 S=2,1024,,,,,,,,,,,,,,(i) 72 b/cyc avg,7.03,5.79,7.03,92.02,111.83,5.33,,,,,,
4x8,INT8,T2 S=2,1024,,,,,,,,,,,,,,(ii) 576 b every cyc,56.25,20.66,24.62,328.61,391.52,3.58,,,,,,
4x8,INT8,T2 S=4,1024,,,,,,,,,,,,,,(i) 72 b/cyc avg,7.03,5.17,7.03,82.21,111.83,5.33,,,,,,
4x8,INT8,T2 S=4,1024,,,,,,,,,,,,,,(ii) 576 b every cyc,56.25,14.49,16.33,230.42,259.68,3.58,,,,,,
4x8,INT8,T2 S=8,1024,,,,,,,,,,,,,,(i) 72 b/cyc avg,7.03,4.26,7.03,68.06,112.33,5.33,,,,,,
4x8,INT8,T2 S=8,1024,,,,,,,,,,,,,,(ii) 576 b every cyc,56.25,9.07,9.76,144.87,155.86,3.58,,,,,,
4x8,INT8,T3,1024,,,,,,,,,,,,,,(i) 72 b/cyc avg,7.03,6.46,7.03,99.75,108.62,5.33,,,,,,
4x8,INT8,T3,1024,,,,,,,,,,,,,,(ii) 576 b every cyc,56.25,32.86,44.14,507.6,681.86,24.64,,,,,,
4x8,INT8,T4,1024,,,,,,,,,,,,,,(i) 72 b/cyc avg,7.03,6.46,7.03,99.74,108.61,5.83,,,,,,
4x8,INT8,T4,1024,,,,,,,,,,,,,,(ii) 576 b every cyc,56.25,32.86,44.14,507.56,681.8,28.67,,,,,,
4x8,INT8,"H(4,8)",1024,,,,,,,,,,,,,,(i) 72 b/cyc avg,7.03,6.75,7.03,107.1,111.63,5.33,,,,,,
4x8,INT8,"H(4,8)",1024,,,,,,,,,,,,,,(ii) 576 b every cyc,56.25,42.03,56.25,667.28,893.07,42.62,,,,,,
4x8,W4A8,T1,1024,,,,,,,,,,,,,,(i) 72 b/cyc avg,7.03,5.79,7.03,184.14,223.79,5.33,,,,,,
4x8,W4A8,T1,1024,,,,,,,,,,,,,,(ii) 576 b every cyc,56.25,20.66,24.62,657.56,783.45,3.58,,,,,,
4x8,W4A8,T2 S=2,1024,,,,,,,,,,,,,,(i) 72 b/cyc avg,7.03,5.17,7.03,164.42,223.67,5.33,,,,,,
4x8,W4A8,T2 S=2,1024,,,,,,,,,,,,,,(ii) 576 b every cyc,56.25,14.49,16.33,460.84,519.36,3.58,,,,,,
4x8,W4A8,T2 S=4,1024,,,,,,,,,,,,,,(i) 72 b/cyc avg,7.03,4.26,7.03,136.12,224.66,5.33,,,,,,
4x8,W4A8,T2 S=4,1024,,,,,,,,,,,,,,(ii) 576 b every cyc,56.25,9.07,9.76,289.73,311.72,3.58,,,,,,
4x8,W4A8,T3,1024,,,,,,,,,,,,,,(i) 72 b/cyc avg,7.03,6.01,7.03,185.81,217.24,5.33,,,,,,
4x8,W4A8,T3,1024,,,,,,,,,,,,,,(ii) 576 b every cyc,56.25,23.9,29.36,738.45,907.06,12.61,,,,,,
4x8,W4A8,T4,1024,,,,,,,,,,,,,,(i) 72 b/cyc avg,7.03,5.97,7.03,184.41,217.23,5.83,,,,,,
4x8,W4A8,T4,1024,,,,,,,,,,,,,,(ii) 576 b every cyc,56.25,23.21,28.32,716.97,874.88,14.34,,,,,,
4x8,W4A8,"H(8,4)",1024,,,,,,,,,,,,,,(i) 72 b/cyc avg,7.03,6.75,7.03,214.21,223.27,5.33,,,,,,
4x8,W4A8,"H(8,4)",1024,,,,,,,,,,,,,,(ii) 576 b every cyc,56.25,42.03,56.25,1334.56,1786.14,42.62,,,,,,
4x8,INT4,T1,1024,,,,,,,,,,,,,,(i) 72 b/cyc avg,7.03,5.79,7.03,368.28,447.58,5.33,,,,,,
4x8,INT4,T1,1024,,,,,,,,,,,,,,(ii) 576 b every cyc,56.25,20.66,24.62,1315.12,1566.91,3.58,,,,,,
4x8,INT4,T2 S=2,1024,,,,,,,,,,,,,,(i) 72 b/cyc avg,7.03,5.17,7.03,328.84,447.34,5.33,,,,,,
4x8,INT4,T2 S=2,1024,,,,,,,,,,,,,,(ii) 576 b every cyc,56.25,14.49,16.33,921.68,1038.72,3.58,,,,,,
4x8,INT4,T2 S=4,1024,,,,,,,,,,,,,,(i) 72 b/cyc avg,7.03,4.26,7.03,272.25,449.32,5.33,,,,,,
4x8,INT4,T2 S=4,1024,,,,,,,,,,,,,,(ii) 576 b every cyc,56.25,9.07,9.76,579.47,623.44,3.58,,,,,,
4x8,INT4,T3,1024,,,,,,,,,,,,,,(i) 72 b/cyc avg,7.03,6.01,7.03,371.61,434.49,5.33,,,,,,
4x8,INT4,T3,1024,,,,,,,,,,,,,,(ii) 576 b every cyc,56.25,23.9,29.36,1476.9,1814.13,12.61,,,,,,
4x8,INT4,T4,1024,,,,,,,,,,,,,,(i) 72 b/cyc avg,7.03,5.97,7.03,368.81,434.45,5.83,,,,,,
4x8,INT4,T4,1024,,,,,,,,,,,,,,(ii) 576 b every cyc,56.25,23.21,28.32,1433.93,1749.76,14.34,,,,,,
4x8,INT4,"H(4,4)",1024,,,,,,,,,,,,,,(i) 72 b/cyc avg,7.03,6.59,7.03,418.49,446.54,5.33,,,,,,
4x8,INT4,"H(4,4)",1024,,,,,,,,,,,,,,(ii) 576 b every cyc,56.25,36.62,51.2,2325.51,3251.57,31.74,,,,,,
4x8,INT8,T1,4096,,,,,,,,,,,,,,(i) 72 b/cyc avg,7.03,6.79,7.03,108.04,111.89,5.33,,,,,,
4x8,INT8,T1,4096,,,,,,,,,,,,,,(ii) 576 b every cyc,56.25,43.75,56.25,696.27,895.16,42.62,,,,,,
4x8,INT8,T2 S=2,4096,,,,,,,,,,,,,,(i) 72 b/cyc avg,7.03,6.67,7.03,106.12,111.83,5.33,,,,,,
4x8,INT8,T2 S=2,4096,,,,,,,,,,,,,,(ii) 576 b every cyc,56.25,39.32,56.25,625.36,894.68,42.62,,,,,,
4x8,INT8,T2 S=4,4096,,,,,,,,,,,,,,(i) 72 b/cyc avg,7.03,6.45,7.03,102.59,111.83,5.33,,,,,,
4x8,INT8,T2 S=4,4096,,,,,,,,,,,,,,(ii) 576 b every cyc,56.25,32.69,43.84,519.95,697.22,24.06,,,,,,
4x8,INT8,T2 S=8,4096,,,,,,,,,,,,,,(i) 72 b/cyc avg,7.03,6.05,7.03,96.62,112.33,5.33,,,,,,
4x8,INT8,T2 S=8,4096,,,,,,,,,,,,,,(ii) 576 b every cyc,56.25,24.45,30.19,390.58,482.28,14.34,,,,,,
4x8,INT8,T3,4096,,,,,,,,,,,,,,(i) 72 b/cyc avg,7.03,6.88,7.03,106.26,108.62,5.33,,,,,,
4x8,INT8,T3,4096,,,,,,,,,,,,,,(ii) 576 b every cyc,56.25,47.75,56.25,737.68,868.97,42.62,,,,,,
4x8,INT8,T4,4096,,,,,,,,,,,,,,(i) 72 b/cyc avg,7.03,6.88,7.03,106.25,108.61,5.83,,,,,,
4x8,INT8,T4,4096,,,,,,,,,,,,,,(ii) 576 b every cyc,56.25,47.75,56.25,737.62,868.9,46.66,,,,,,
4x8,INT8,"H(4,8)",4096,,,,,,,,,,,,,,(i) 72 b/cyc avg,7.03,6.96,7.03,110.47,111.63,5.33,,,,,,
4x8,INT8,"H(4,8)",4096,,,,,,,,,,,,,,(ii) 576 b every cyc,56.25,51.86,56.25,823.42,893.07,42.62,,,,,,
4x8,W4A8,T1,4096,,,,,,,,,,,,,,(i) 72 b/cyc avg,7.03,6.67,7.03,212.36,223.79,5.33,,,,,,
4x8,W4A8,T1,4096,,,,,,,,,,,,,,(ii) 576 b every cyc,56.25,39.32,56.25,1251.39,1790.31,42.62,,,,,,
4x8,W4A8,T2 S=2,4096,,,,,,,,,,,,,,(i) 72 b/cyc avg,7.03,6.45,7.03,205.19,223.67,5.33,,,,,,
4x8,W4A8,T2 S=2,4096,,,,,,,,,,,,,,(ii) 576 b every cyc,56.25,32.69,43.84,1039.9,1394.45,24.06,,,,,,
4x8,W4A8,T2 S=4,4096,,,,,,,,,,,,,,(i) 72 b/cyc avg,7.03,6.05,7.03,193.24,224.66,5.33,,,,,,
4x8,W4A8,T2 S=4,4096,,,,,,,,,,,,,,(ii) 576 b every cyc,56.25,24.45,30.19,781.15,964.57,14.34,,,,,,
4x8,W4A8,T3,4096,,,,,,,,,,,,,,(i) 72 b/cyc avg,7.03,6.75,7.03,208.43,217.24,5.33,,,,,,
4x8,W4A8,T3,4096,,,,,,,,,,,,,,(ii) 576 b every cyc,56.25,42.03,56.25,1298.55,1737.95,42.62,,,,,,
4x8,W4A8,T4,4096,,,,,,,,,,,,,,(i) 72 b/cyc avg,7.03,6.73,7.03,207.97,217.23,5.83,,,,,,
4x8,W4A8,T4,4096,,,,,,,,,,,,,,(ii) 576 b every cyc,56.25,41.48,56.25,1281.61,1737.8,46.66,,,,,,
4x8,W4A8,"H(8,4)",4096,,,,,,,,,,,,,,(i) 72 b/cyc avg,7.03,6.96,7.03,220.93,223.27,5.33,,,,,,
4x8,W4A8,"H(8,4)",4096,,,,,,,,,,,,,,(ii) 576 b every cyc,56.25,51.86,56.25,1646.83,1786.14,42.62,,,,,,
4x8,INT4,T1,4096,,,,,,,,,,,,,,(i) 72 b/cyc avg,7.03,6.67,7.03,424.71,447.58,5.33,,,,,,
4x8,INT4,T1,4096,,,,,,,,,,,,,,(ii) 576 b every cyc,56.25,39.32,56.25,2502.77,3580.63,42.62,,,,,,
4x8,INT4,T2 S=2,4096,,,,,,,,,,,,,,(i) 72 b/cyc avg,7.03,6.45,7.03,410.37,447.34,5.33,,,,,,
4x8,INT4,T2 S=2,4096,,,,,,,,,,,,,,(ii) 576 b every cyc,56.25,32.69,43.84,2079.8,2788.9,24.06,,,,,,
4x8,INT4,T2 S=4,4096,,,,,,,,,,,,,,(i) 72 b/cyc avg,7.03,6.05,7.03,386.48,449.32,5.33,,,,,,
4x8,INT4,T2 S=4,4096,,,,,,,,,,,,,,(ii) 576 b every cyc,56.25,24.45,30.19,1562.3,1929.14,14.34,,,,,,
4x8,INT4,T3,4096,,,,,,,,,,,,,,(i) 72 b/cyc avg,7.03,6.75,7.03,416.86,434.49,5.33,,,,,,
4x8,INT4,T3,4096,,,,,,,,,,,,,,(ii) 576 b every cyc,56.25,42.03,56.25,2597.1,3475.9,42.62,,,,,,
4x8,INT4,T4,4096,,,,,,,,,,,,,,(i) 72 b/cyc avg,7.03,6.73,7.03,415.94,434.45,5.83,,,,,,
4x8,INT4,T4,4096,,,,,,,,,,,,,,(ii) 576 b every cyc,56.25,41.48,56.25,2563.21,3475.61,46.66,,,,,,
4x8,INT4,"H(4,4)",4096,,,,,,,,,,,,,,(i) 72 b/cyc avg,7.03,6.92,7.03,439.18,446.54,5.33,,,,,,
4x8,INT4,"H(4,4)",4096,,,,,,,,,,,,,,(ii) 576 b every cyc,56.25,49.6,56.25,3150.07,3572.29,42.62,,,,,,
4x4,INT8,T1,1024,,,,,,,,,,,,,,(i) 72 b/cyc avg buffered,,,,,,,7.03,40.06,617.58,0.8011,M-inner,40.0
4x4,INT8,T1,1024,,,,,,,,,,,,,,(ii) 576 b every cyc buffered,,,,,,,40.51,40.45,623.66,0.809,M-inner,40.0
4x4,INT8,T2 S=8,1024,,,,,,,,,,,,,,(i) 72 b/cyc avg buffered,,,,,,,7.03,7.02,108.55,0.1404,M-inner,12.0
4x4,INT8,T2 S=8,1024,,,,,,,,,,,,,,(ii) 576 b every cyc buffered,,,,,,,17.39,17.38,268.85,0.3476,M-inner,12.0
4x4,INT8,T3,1024,,,,,,,,,,,,,,(i) 72 b/cyc avg buffered,,,,,,,7.03,55.38,829.71,1.1077,M-inner,40.0
4x4,INT8,T3,1024,,,,,,,,,,,,,,(ii) 576 b every cyc buffered,,,,,,,56.25,58.6,877.82,1.1719,M-inner,40.0
4x4,INT8,"H(4,8)",1024,,,,,,,,,,,,,,(i) 72 b/cyc avg buffered,,,,,,,7.03,55.38,850.08,1.1077,M-inner,64.0
4x4,INT8,"H(4,8)",1024,,,,,,,,,,,,,,(ii) 576 b every cyc buffered,,,,,,,56.25,68.29,1048.12,1.3657,M-inner,64.0
4x4,INT8,"H3(4,8)",1024,,,,,,,,,,,,,,(i) 72 b/cyc avg buffered,,,,,,,7.03,55.38,826.08,1.1077,M-inner,64.0
4x4,INT8,"H3(4,8)",1024,,,,,,,,,,,,,,(ii) 576 b every cyc buffered,,,,,,,56.25,83.97,1252.36,1.6793,M-inner,64.0
4x4,INT8,CNSB,1024,,,,,,,,,,,,,,(i) 72 b/cyc avg buffered,,,,,,,28.12,55.81,430.27,0.5581,M-inner,32.0
4x4,INT8,CNSB,1024,,,,,,,,,,,,,,(ii) 576 b every cyc buffered,,,,,,,77.11,77.01,593.64,0.7701,M-inner,32.0
4x4,W4A8,T1,1024,,,,,,,,,,,,,,(i) 72 b/cyc avg buffered,,,,,,,7.03,27.91,860.55,1.1163,M-inner,24.0
4x4,W4A8,T1,1024,,,,,,,,,,,,,,(ii) 576 b every cyc buffered,,,,,,,34.04,34.0,1048.51,1.3601,M-inner,24.0
4x4,W4A8,T2 S=4,1024,,,,,,,,,,,,,,(i) 72 b/cyc avg buffered,,,,,,,7.03,7.02,217.1,0.2807,M-inner,12.0
4x4,W4A8,T2 S=4,1024,,,,,,,,,,,,,,(ii) 576 b every cyc buffered,,,,,,,17.39,17.38,537.7,0.6952,M-inner,12.0
4x4,W4A8,T3,1024,,,,,,,,,,,,,,(i) 72 b/cyc avg buffered,,,,,,,7.03,27.91,836.14,1.1163,M-inner,24.0
4x4,W4A8,T3,1024,,,,,,,,,,,,,,(ii) 576 b every cyc buffered,,,,,,,43.84,43.77,1311.39,1.7508,M-inner,24.0
4x4,W4A8,"H(8,4)",1024,,,,,,,,,,,,,,(i) 72 b/cyc avg buffered,,,,,,,7.03,55.38,1700.17,2.2154,N-inner,64.0
4x4,W4A8,"H(8,4)",1024,,,,,,,,,,,,,,(ii) 576 b every cyc buffered,,,,,,,56.25,68.29,2096.23,2.7315,N-inner,64.0
4x4,W4A8,"H3(8,4)",1024,,,,,,,,,,,,,,(i) 72 b/cyc avg buffered,,,,,,,7.03,55.38,1652.15,2.2154,N-inner,64.0
4x4,W4A8,"H3(8,4)",1024,,,,,,,,,,,,,,(ii) 576 b every cyc buffered,,,,,,,56.25,83.97,2504.72,3.3586,N-inner,64.0
4x4,W4A8,CNSB,1024,,,,,,,,,,,,,,(i) 72 b/cyc avg buffered,,,,,,,28.12,55.81,860.55,1.1163,M-inner,32.0
4x4,W4A8,CNSB,1024,,,,,,,,,,,,,,(ii) 576 b every cyc buffered,,,,,,,77.11,77.01,1187.28,1.5401,M-inner,32.0
4x4,INT4,T1,1024,,,,,,,,,,,,,,(i) 72 b/cyc avg buffered,,,,,,,7.03,27.69,1707.86,2.2154,M-inner,24.0
4x4,INT4,T1,1024,,,,,,,,,,,,,,(ii) 576 b every cyc buffered,,,,,,,34.04,33.96,2094.54,2.717,M-inner,24.0
4x4,INT4,T2 S=4,1024,,,,,,,,,,,,,,(i) 72 b/cyc avg buffered,,,,,,,7.03,7.0,433.35,0.5603,M-inner,12.0
4x4,INT4,T2 S=4,1024,,,,,,,,,,,,,,(ii) 576 b every cyc buffered,,,,,,,17.39,17.37,1074.74,1.3896,M-inner,12.0
4x4,INT4,T3,1024,,,,,,,,,,,,,,(i) 72 b/cyc avg buffered,,,,,,,7.03,27.69,1659.42,2.2154,M-inner,24.0
4x4,INT4,T3,1024,,,,,,,,,,,,,,(ii) 576 b every cyc buffered,,,,,,,43.84,43.7,2618.81,3.4962,M-inner,24.0
4x4,INT4,"H(4,4)",1024,,,,,,,,,,,,,,(i) 72 b/cyc avg buffered,,,,,,,7.03,27.91,1713.35,2.2326,N-inner,48.0
4x4,INT4,"H(4,4)",1024,,,,,,,,,,,,,,(ii) 576 b every cyc buffered,,,,,,,56.25,59.57,3657.03,4.7653,M-inner,48.0
4x4,INT4,"H3(4,4)",1024,,,,,,,,,,,,,,(i) 72 b/cyc avg buffered,,,,,,,7.03,27.91,1664.96,2.2326,N-inner,48.0
4x4,INT4,"H3(4,4)",1024,,,,,,,,,,,,,,(ii) 576 b every cyc buffered,,,,,,,56.25,74.04,4417.07,5.9229,M-inner,48.0
4x4,INT4,CNSB,1024,,,,,,,,,,,,,,(i) 72 b/cyc avg buffered,,,,,,,28.12,55.38,1707.86,2.2154,M-inner,32.0
4x4,INT4,CNSB,1024,,,,,,,,,,,,,,(ii) 576 b every cyc buffered,,,,,,,77.11,76.9,2371.39,3.0761,M-inner,32.0
4x4,INT8,T1,4096,,,,,,,,,,,,,,(i) 72 b/cyc avg buffered,,,,,,,7.03,55.38,853.93,1.1077,M-inner,160.0
4x4,INT8,T1,4096,,,,,,,,,,,,,,(ii) 576 b every cyc buffered,,,,,,,56.25,72.96,1124.87,1.4592,M-inner,160.0
4x4,INT8,T2 S=8,4096,,,,,,,,,,,,,,(i) 72 b/cyc avg buffered,,,,,,,7.03,7.02,108.55,0.1404,M-inner,48.0
4x4,INT8,T2 S=8,4096,,,,,,,,,,,,,,(ii) 576 b every cyc buffered,,,,,,,45.71,45.64,705.99,0.9128,M-inner,48.0
4x4,INT8,T3,4096,,,,,,,,,,,,,,(i) 72 b/cyc avg buffered,,,,,,,7.03,55.38,829.71,1.1077,M-inner,160.0
4x4,INT8,T3,4096,,,,,,,,,,,,,,(ii) 576 b every cyc buffered,,,,,,,56.25,84.8,1270.37,1.696,M-inner,160.0
4x4,INT8,"H(4,8)",4096,,,,,,,,,,,,,,(i) 72 b/cyc avg buffered,,,,,,,7.03,55.38,850.08,1.1077,M-inner,256.0
4x4,INT8,"H(4,8)",4096,,,,,,,,,,,,,,(ii) 576 b every cyc buffered,,,,,,,56.25,89.39,1372.01,1.7878,M-inner,256.0
4x4,INT8,"H3(4,8)",4096,,,,,,,,,,,,,,(i) 72 b/cyc avg buffered,,,,,,,7.03,55.38,826.08,1.1077,M-inner,256.0
4x4,INT8,"H3(4,8)",4096,,,,,,,,,,,,,,(ii) 576 b every cyc buffered,,,,,,,56.25,95.21,1420.03,1.9041,M-inner,256.0
4x4,INT8,CNSB,4096,,,,,,,,,,,,,,(i) 72 b/cyc avg buffered,,,,,,,28.12,55.81,430.27,0.5581,M-inner,128.0
4x4,INT8,CNSB,4096,,,,,,,,,,,,,,(ii) 576 b every cyc buffered,,,,,,,93.09,92.94,716.49,0.9294,M-inner,128.0
4x4,W4A8,T1,4096,,,,,,,,,,,,,,(i) 72 b/cyc avg buffered,,,,,,,7.03,27.91,860.55,1.1163,M-inner,96.0
4x4,W4A8,T1,4096,,,,,,,,,,,,,,(ii) 576 b every cyc buffered,,,,,,,56.25,67.21,2072.55,2.6884,M-inner,96.0
4x4,W4A8,T2 S=4,4096,,,,,,,,,,,,,,(i) 72 b/cyc avg buffered,,,,,,,7.03,7.02,217.1,0.2807,M-inner,48.0
4x4,W4A8,T2 S=4,4096,,,,,,,,,,,,,,(ii) 576 b every cyc buffered,,,,,,,45.71,45.64,1411.98,1.8257,M-inner,48.0
4x4,W4A8,T3,4096,,,,,,,,,,,,,,(i) 72 b/cyc avg buffered,,,,,,,7.03,27.91,836.14,1.1163,M-inner,96.0
4x4,W4A8,T3,4096,,,,,,,,,,,,,,(ii) 576 b every cyc buffered,,,,,,,56.25,75.54,2263.33,3.0216,M-inner,96.0
4x4,W4A8,"H(8,4)",4096,,,,,,,,,,,,,,(i) 72 b/cyc avg buffered,,,,,,,7.03,55.38,1700.17,2.2154,N-inner,256.0
4x4,W4A8,"H(8,4)",4096,,,,,,,,,,,,,,(ii) 576 b every cyc buffered,,,,,,,56.25,89.39,2744.01,3.5756,N-inner,256.0
4x4,W4A8,"H3(8,4)",4096,,,,,,,,,,,,,,(i) 72 b/cyc avg buffered,,,,,,,7.03,55.38,1652.15,2.2154,N-inner,256.0
4x4,W4A8,"H3(8,4)",4096,,,,,,,,,,,,,,(ii) 576 b every cyc buffered,,,,,,,56.25,95.21,2840.07,3.8083,N-inner,256.0
4x4,W4A8,CNSB,4096,,,,,,,,,,,,,,(i) 72 b/cyc avg buffered,,,,,,,28.12,55.81,860.55,1.1163,M-inner,128.0
4x4,W4A8,CNSB,4096,,,,,,,,,,,,,,(ii) 576 b every cyc buffered,,,,,,,93.09,92.94,1432.97,1.8588,M-inner,128.0
4x4,INT4,T1,4096,,,,,,,,,,,,,,(i) 72 b/cyc avg buffered,,,,,,,7.03,27.69,1707.86,2.2154,M-inner,96.0
4x4,INT4,T1,4096,,,,,,,,,,,,,,(ii) 576 b every cyc buffered,,,,,,,56.25,67.05,4135.44,5.3644,M-inner,96.0
4x4,INT4,T2 S=4,4096,,,,,,,,,,,,,,(i) 72 b/cyc avg buffered,,,,,,,7.03,7.0,433.35,0.5603,M-inner,48.0
4x4,INT4,T2 S=4,4096,,,,,,,,,,,,,,(ii) 576 b every cyc buffered,,,,,,,45.71,45.57,2819.5,3.6456,M-inner,48.0
4x4,INT4,T3,4096,,,,,,,,,,,,,,(i) 72 b/cyc avg buffered,,,,,,,7.03,27.69,1659.42,2.2154,M-inner,96.0
4x4,INT4,T3,4096,,,,,,,,,,,,,,(ii) 576 b every cyc buffered,,,,,,,56.25,75.34,4514.83,6.0275,M-inner,96.0
4x4,INT4,"H(4,4)",4096,,,,,,,,,,,,,,(i) 72 b/cyc avg buffered,,,,,,,7.03,27.91,1713.35,2.2326,N-inner,192.0
4x4,INT4,"H(4,4)",4096,,,,,,,,,,,,,,(ii) 576 b every cyc buffered,,,,,,,56.25,85.11,5225.48,6.809,M-inner,192.0
4x4,INT4,"H3(4,4)",4096,,,,,,,,,,,,,,(i) 72 b/cyc avg buffered,,,,,,,7.03,27.91,1664.96,2.2326,N-inner,192.0
4x4,INT4,"H3(4,4)",4096,,,,,,,,,,,,,,(ii) 576 b every cyc buffered,,,,,,,56.25,91.5,5459.06,7.3201,M-inner,192.0
4x4,INT4,CNSB,4096,,,,,,,,,,,,,,(i) 72 b/cyc avg buffered,,,,,,,28.12,55.38,1707.86,2.2154,M-inner,128.0
4x4,INT4,CNSB,4096,,,,,,,,,,,,,,(ii) 576 b every cyc buffered,,,,,,,93.09,92.79,2861.33,3.7116,M-inner,128.0
4x8,INT8,T1,1024,,,,,,,,,,,,,,(i) 72 b/cyc avg buffered,,,,,,,7.03,32.69,520.23,0.6538,M-inner,72.0
4x8,INT8,T1,1024,,,,,,,,,,,,,,(ii) 576 b every cyc buffered,,,,,,,32.99,32.95,524.39,0.659,M-inner,72.0
4x8,INT8,T2 S=8,1024,,,,,,,,,,,,,,(i) 72 b/cyc avg buffered,,,,,,,7.03,7.02,112.11,0.1404,M-inner,16.0
4x8,INT8,T2 S=8,1024,,,,,,,,,,,,,,(ii) 576 b every cyc buffered,,,,,,,9.76,9.75,155.81,0.1951,M-inner,16.0
4x8,INT8,T3,1024,,,,,,,,,,,,,,(i) 72 b/cyc avg buffered,,,,,,,7.03,43.6,673.6,0.8721,M-inner,72.0
4x8,INT8,T3,1024,,,,,,,,,,,,,,(ii) 576 b every cyc buffered,,,,,,,44.14,44.07,680.82,0.8814,M-inner,72.0
4x8,INT8,"H(4,8)",1024,,,,,,,,,,,,,,(i) 72 b/cyc avg buffered,,,,,,,7.03,55.38,879.33,1.1077,M-inner,96.0
4x8,INT8,"H(4,8)",1024,,,,,,,,,,,,,,(ii) 576 b every cyc buffered,,,,,,,56.25,62.3,989.19,1.2461,M-inner,96.0
4x8,INT8,"H3(4,8)",1024,,,,,,,,,,,,,,(i) 72 b/cyc avg buffered,,,,,,,7.03,55.38,853.67,1.1077,M-inner,96.0
4x8,INT8,"H3(4,8)",1024,,,,,,,,,,,,,,(ii) 576 b every cyc buffered,,,,,,,56.25,75.1,1157.52,1.502,M-inner,96.0
4x8,INT8,CNSB,1024,,,,,,,,,,,,,,(i) 72 b/cyc avg buffered,,,,,,,28.12,55.81,444.11,0.5581,M-inner,48.0
4x8,INT8,CNSB,1024,,,,,,,,,,,,,,(ii) 576 b every cyc buffered,,,,,,,63.37,63.3,503.65,0.633,M-inner,48.0
4x8,W4A8,T1,1024,,,,,,,,,,,,,,(i) 72 b/cyc avg buffered,,,,,,,7.03,24.45,778.13,0.9779,M-inner,40.0
4x8,W4A8,T1,1024,,,,,,,,,,,,,,(ii) 576 b every cyc buffered,,,,,,,24.62,24.59,782.78,0.9838,M-inner,40.0
4x8,W4A8,T2 S=4,1024,,,,,,,,,,,,,,(i) 72 b/cyc avg buffered,,,,,,,7.03,7.02,224.22,0.2807,M-inner,16.0
4x8,W4A8,T2 S=4,1024,,,,,,,,,,,,,,(ii) 576 b every cyc buffered,,,,,,,9.76,9.75,311.61,0.3901,M-inner,16.0
4x8,W4A8,T3,1024,,,,,,,,,,,,,,(i) 72 b/cyc avg buffered,,,,,,,7.03,27.91,862.24,1.1163,M-inner,40.0
4x8,W4A8,T3,1024,,,,,,,,,,,,,,(ii) 576 b every cyc buffered,,,,,,,29.36,29.33,906.14,1.1731,M-inner,40.0
4x8,W4A8,"H(8,4)",1024,,,,,,,,,,,,,,(i) 72 b/cyc avg buffered,,,,,,,7.03,54.55,1732.02,2.1818,N-inner,96.0
4x8,W4A8,"H(8,4)",1024,,,,,,,,,,,,,,(ii) 576 b every cyc buffered,,,,,,,56.25,62.3,1978.38,2.4922,M-inner,96.0
4x8,W4A8,"H3(8,4)",1024,,,,,,,,,,,,,,(i) 72 b/cyc avg buffered,,,,,,,7.03,54.55,1681.47,2.1818,N-inner,96.0
4x8,W4A8,"H3(8,4)",1024,,,,,,,,,,,,,,(ii) 576 b every cyc buffered,,,,,,,56.25,75.1,2315.04,3.0039,M-inner,96.0
4x8,W4A8,CNSB,1024,,,,,,,,,,,,,,(i) 72 b/cyc avg buffered,,,,,,,28.12,55.81,888.22,1.1163,M-inner,48.0
4x8,W4A8,CNSB,1024,,,,,,,,,,,,,,(ii) 576 b every cyc buffered,,,,,,,63.37,63.3,1007.3,1.2659,M-inner,48.0
4x8,INT4,T1,1024,,,,,,,,,,,,,,(i) 72 b/cyc avg buffered,,,,,,,7.03,24.28,1545.77,1.9427,M-inner,40.0
4x8,INT4,T1,1024,,,,,,,,,,,,,,(ii) 576 b every cyc buffered,,,,,,,24.62,24.57,1564.23,1.9659,M-inner,40.0
4x8,INT4,T2 S=4,1024,,,,,,,,,,,,,,(i) 72 b/cyc avg buffered,,,,,,,7.03,7.0,447.57,0.5603,M-inner,16.0
4x8,INT4,T2 S=4,1024,,,,,,,,,,,,,,(ii) 576 b every cyc buffered,,,,,,,9.76,9.75,623.02,0.78,M-inner,16.0
4x8,INT4,T3,1024,,,,,,,,,,,,,,(i) 72 b/cyc avg buffered,,,,,,,7.03,27.69,1711.21,2.2154,M-inner,40.0
4x8,INT4,T3,1024,,,,,,,,,,,,,,(ii) 576 b every cyc buffered,,,,,,,29.36,29.3,1810.44,2.3438,M-inner,40.0
4x8,INT4,"H(4,4)",1024,,,,,,,,,,,,,,(i) 72 b/cyc avg buffered,,,,,,,7.03,27.69,1758.66,2.2154,M-inner,64.0
4x8,INT4,"H(4,4)",1024,,,,,,,,,,,,,,(ii) 576 b every cyc buffered,,,,,,,51.2,51.02,3240.05,4.0815,M-inner,64.0
4x8,INT4,"H3(4,4)",1024,,,,,,,,,,,,,,(i) 72 b/cyc avg buffered,,,,,,,7.03,27.69,1707.34,2.2154,M-inner,64.0
4x8,INT4,"H3(4,4)",1024,,,,,,,,,,,,,,(ii) 576 b every cyc buffered,,,,,,,56.25,61.28,3777.95,4.9021,M-inner,64.0
4x8,INT4,CNSB,1024,,,,,,,,,,,,,,(i) 72 b/cyc avg buffered,,,,,,,28.12,55.38,1762.77,2.2154,M-inner,48.0
4x8,INT4,CNSB,1024,,,,,,,,,,,,,,(ii) 576 b every cyc buffered,,,,,,,63.37,63.23,2012.38,2.5291,M-inner,48.0
4x8,INT8,T1,4096,,,,,,,,,,,,,,(i) 72 b/cyc avg buffered,,,,,,,7.03,55.38,881.39,1.1077,M-inner,288.0
4x8,INT8,T1,4096,,,,,,,,,,,,,,(ii) 576 b every cyc buffered,,,,,,,56.25,66.17,1053.0,1.3234,M-inner,288.0
4x8,INT8,T2 S=8,4096,,,,,,,,,,,,,,(i) 72 b/cyc avg buffered,,,,,,,7.03,7.02,112.11,0.1404,M-inner,64.0
4x8,INT8,T2 S=8,4096,,,,,,,,,,,,,,(ii) 576 b every cyc buffered,,,,,,,30.19,30.16,481.78,0.6031,M-inner,64.0
4x8,INT8,T3,4096,,,,,,,,,,,,,,(i) 72 b/cyc avg buffered,,,,,,,7.03,55.38,855.61,1.1077,M-inner,288.0
4x8,INT8,T3,4096,,,,,,,,,,,,,,(ii) 576 b every cyc buffered,,,,,,,56.25,75.76,1170.44,1.5153,M-inner,288.0
4x8,INT8,"H(4,8)",4096,,,,,,,,,,,,,,(i) 72 b/cyc avg buffered,,,,,,,7.03,55.38,879.33,1.1077,M-inner,384.0
4x8,INT8,"H(4,8)",4096,,,,,,,,,,,,,,(ii) 576 b every cyc buffered,,,,,,,56.25,86.67,1375.97,1.7333,M-inner,384.0
4x8,INT8,"H3(4,8)",4096,,,,,,,,,,,,,,(i) 72 b/cyc avg buffered,,,,,,,7.03,55.38,853.67,1.1077,M-inner,384.0
4x8,INT8,"H3(4,8)",4096,,,,,,,,,,,,,,(ii) 576 b every cyc buffered,,,,,,,56.25,92.12,1419.94,1.8425,M-inner,384.0
4x8,INT8,CNSB,4096,,,,,,,,,,,,,,(i) 72 b/cyc avg buffered,,,,,,,28.12,55.81,444.11,0.5581,M-inner,192.0
4x8,INT8,CNSB,4096,,,,,,,,,,,,,,(ii) 576 b every cyc buffered,,,,,,,87.37,87.24,694.16,0.8724,M-inner,192.0
4x8,W4A8,T1,4096,,,,,,,,,,,,,,(i) 72 b/cyc avg buffered,,,,,,,7.03,27.91,888.22,1.1163,M-inner,160.0
4x8,W4A8,T1,4096,,,,,,,,,,,,,,(ii) 576 b every cyc buffered,,,,,,,56.25,56.53,1799.1,2.261,M-inner,160.0
4x8,W4A8,T2 S=4,4096,,,,,,,,,,,,,,(i) 72 b/cyc avg buffered,,,,,,,7.03,7.02,224.22,0.2807,M-inner,64.0
4x8,W4A8,T2 S=4,4096,,,,,,,,,,,,,,(ii) 576 b every cyc buffered,,,,,,,30.19,30.16,963.56,1.2063,M-inner,64.0
4x8,W4A8,T3,4096,,,,,,,,,,,,,,(i) 72 b/cyc avg buffered,,,,,,,7.03,27.91,862.24,1.1163,M-inner,160.0
4x8,W4A8,T3,4096,,,,,,,,,,,,,,(ii) 576 b every cyc buffered,,,,,,,56.25,62.3,1925.0,2.4922,M-inner,160.0
4x8,W4A8,"H(8,4)",4096,,,,,,,,,,,,,,(i) 72 b/cyc avg buffered,,,,,,,7.03,54.55,1732.02,2.1818,N-inner,384.0
4x8,W4A8,"H(8,4)",4096,,,,,,,,,,,,,,(ii) 576 b every cyc buffered,,,,,,,56.25,86.67,2751.94,3.4666,M-inner,384.0
4x8,W4A8,"H3(8,4)",4096,,,,,,,,,,,,,,(i) 72 b/cyc avg buffered,,,,,,,7.03,54.55,1681.47,2.1818,N-inner,384.0
4x8,W4A8,"H3(8,4)",4096,,,,,,,,,,,,,,(ii) 576 b every cyc buffered,,,,,,,56.25,92.12,2839.88,3.6849,M-inner,384.0
4x8,W4A8,CNSB,4096,,,,,,,,,,,,,,(i) 72 b/cyc avg buffered,,,,,,,28.12,55.81,888.22,1.1163,M-inner,192.0
4x8,W4A8,CNSB,4096,,,,,,,,,,,,,,(ii) 576 b every cyc buffered,,,,,,,87.37,87.24,1388.32,1.7448,M-inner,192.0
4x8,INT4,T1,4096,,,,,,,,,,,,,,(i) 72 b/cyc avg buffered,,,,,,,7.03,27.69,1762.77,2.2154,M-inner,160.0
4x8,INT4,T1,4096,,,,,,,,,,,,,,(ii) 576 b every cyc buffered,,,,,,,56.25,56.42,3591.15,4.5132,M-inner,160.0
4x8,INT4,T2 S=4,4096,,,,,,,,,,,,,,(i) 72 b/cyc avg buffered,,,,,,,7.03,7.0,447.57,0.5603,M-inner,64.0
4x8,INT4,T2 S=4,4096,,,,,,,,,,,,,,(ii) 576 b every cyc buffered,,,,,,,30.19,30.13,1925.1,2.41,M-inner,64.0
4x8,INT4,T3,4096,,,,,,,,,,,,,,(i) 72 b/cyc avg buffered,,,,,,,7.03,27.69,1711.21,2.2154,M-inner,160.0
4x8,INT4,T3,4096,,,,,,,,,,,,,,(ii) 576 b every cyc buffered,,,,,,,56.25,62.17,3841.68,4.9736,M-inner,160.0
4x8,INT4,"H(4,4)",4096,,,,,,,,,,,,,,(i) 72 b/cyc avg buffered,,,,,,,7.03,27.69,1758.66,2.2154,M-inner,256.0
4x8,INT4,"H(4,4)",4096,,,,,,,,,,,,,,(ii) 576 b every cyc buffered,,,,,,,56.25,80.31,5100.06,6.4245,M-inner,256.0
4x8,INT4,"H3(4,4)",4096,,,,,,,,,,,,,,(i) 72 b/cyc avg buffered,,,,,,,7.03,27.69,1707.34,2.2154,M-inner,256.0
4x8,INT4,"H3(4,4)",4096,,,,,,,,,,,,,,(ii) 576 b every cyc buffered,,,,,,,56.25,85.97,5300.4,6.8776,M-inner,256.0
4x8,INT4,CNSB,4096,,,,,,,,,,,,,,(i) 72 b/cyc avg buffered,,,,,,,28.12,55.38,1762.77,2.2154,M-inner,192.0
4x8,INT4,CNSB,4096,,,,,,,,,,,,,,(ii) 576 b every cyc buffered,,,,,,,87.37,87.11,2772.45,3.4843,M-inner,192.0
