mode,grid,variant,K,mac_per_cycle_tile
INT8,1x1,FH,64,0.5714
INT8,1x1,FH,256,0.8421
INT8,1x1,FH,511,0.9125
INT8,1x1,FH,1024,0.8707
INT8,1x1,FH,4096,0.903
INT8,1x1,FH,16384,0.9102
INT8,1x1,HY,64,0.5
INT8,1x1,HY,256,0.8
INT8,1x1,HY,511,0.8872
INT8,1x1,HY,1024,0.9412
INT8,1x1,HY,4096,0.9846
INT8,1x1,HY,16384,0.9879
INT8,1x1,HYS,64,0.5
INT8,1x1,HYS,256,0.8
INT8,1x1,HYS,511,0.8872
INT8,1x1,HYS,1024,0.9412
INT8,1x1,HYS,4096,0.9846
INT8,1x1,HYS,16384,0.9879
INT8,1x1,GD,64,0.5714
INT8,1x1,GD,256,0.8421
INT8,1x1,GD,511,0.9125
INT8,1x1,GD,1024,0.9552
INT8,1x1,GD,4096,0.9884
INT8,1x1,GD,16384,0.9971
INT8,1x1,LSB,64,0.5714
INT8,1x1,LSB,256,0.8421
INT8,1x1,LSB,511,0.9125
INT8,1x1,LSB,1024,0.9552
INT8,1x1,LSB,4096,0.9884
INT8,1x1,LSB,16384,0.9971
INT8,1x1,AUTO,64,0.5714
INT8,1x1,AUTO,256,0.8421
INT8,1x1,AUTO,511,0.9125
INT8,1x1,AUTO,1024,0.9412
INT8,1x1,AUTO,4096,0.9846
INT8,1x1,AUTO,16384,0.9879
INT8,1x1,SPATIAL,64,0.5
INT8,1x1,SPATIAL,256,0.8
INT8,1x1,SPATIAL,511,0.8872
INT8,1x1,SPATIAL,1024,0.9412
INT8,1x1,SPATIAL,4096,0.9846
INT8,1x1,SPATIAL,16384,0.9961
INT8,1x1,BP-S,64,0.1111
INT8,1x1,BP-S,256,0.4
INT8,1x1,BP-S,511,0.6654
INT8,1x1,BP-S,1024,1.0
INT8,1x1,BP-S,4096,1.6
INT8,1x1,BP-S,16384,1.8824
INT8,4x4,FH,64,0.4507
INT8,4x4,FH,256,0.7665
INT8,4x4,FH,511,0.8661
INT8,4x4,FH,1024,0.8088
INT8,4x4,FH,4096,0.8523
INT8,4x4,FH,16384,0.8628
INT8,4x4,HY,64,0.3404
INT8,4x4,HY,256,0.6737
INT8,4x4,HY,511,0.8035
INT8,4x4,HY,1024,0.892
INT8,4x4,HY,4096,0.9706
INT8,4x4,HY,16384,0.9773
INT8,4x4,HYS,64,0.3404
INT8,4x4,HYS,256,0.6737
INT8,4x4,HYS,511,0.8035
INT8,4x4,HYS,1024,0.892
INT8,4x4,HYS,4096,0.9706
INT8,4x4,HYS,16384,0.9773
INT8,4x4,GD,64,0.2192
INT8,4x4,GD,256,0.5289
INT8,4x4,GD,511,0.6905
INT8,4x4,GD,1024,0.8179
INT8,4x4,GD,4096,0.9473
INT8,4x4,GD,16384,0.9863
INT8,4x4,LSB,64,0.4507
INT8,4x4,LSB,256,0.7665
INT8,4x4,LSB,511,0.8661
INT8,4x4,LSB,1024,0.9292
INT8,4x4,LSB,4096,0.9813
INT8,4x4,LSB,16384,0.9953
INT8,4x4,AUTO,64,0.4507
INT8,4x4,AUTO,256,0.7665
INT8,4x4,AUTO,511,0.8661
INT8,4x4,AUTO,1024,0.892
INT8,4x4,AUTO,4096,0.9706
INT8,4x4,AUTO,16384,0.9773
INT8,4x4,SPATIAL,64,0.1739
INT8,4x4,SPATIAL,256,0.4571
INT8,4x4,SPATIAL,511,0.6262
INT8,4x4,SPATIAL,1024,0.7711
INT8,4x4,SPATIAL,4096,0.9309
INT8,4x4,SPATIAL,16384,0.9818
INT8,4x4,BP-S,64,0.0784
INT8,4x4,BP-S,256,0.2909
INT8,4x4,BP-S,511,0.5069
INT8,4x4,BP-S,1024,0.8101
INT8,4x4,BP-S,4096,1.4629
INT8,4x4,BP-S,16384,1.8318
INT8,4x8,FH,64,0.3596
INT8,4x8,FH,256,0.6919
INT8,4x8,FH,511,0.8163
INT8,4x8,FH,1024,0.7453
INT8,4x8,FH,4096,0.7984
INT8,4x8,FH,16384,0.812
INT8,4x8,HY,64,0.2462
INT8,4x8,HY,256,0.5664
INT8,4x8,HY,511,0.7218
INT8,4x8,HY,1024,0.8393
INT8,4x8,HY,4096,0.9543
INT8,4x8,HY,16384,0.9649
INT8,4x8,HYS,64,0.2462
INT8,4x8,HYS,256,0.5664
INT8,4x8,HYS,511,0.7218
INT8,4x8,HYS,1024,0.8393
INT8,4x8,HYS,4096,0.9543
INT8,4x8,HYS,16384,0.9649
INT8,4x8,GD,64,0.126
INT8,4x8,GD,256,0.3657
INT8,4x8,GD,511,0.5345
INT8,4x8,GD,1024,0.6975
INT8,4x8,GD,4096,0.9022
INT8,4x8,GD,16384,0.9736
INT8,4x8,LSB,64,0.3596
INT8,4x8,LSB,256,0.6919
INT8,4x8,LSB,511,0.8163
INT8,4x8,LSB,1024,0.8998
INT8,4x8,LSB,4096,0.9729
INT8,4x8,LSB,16384,0.9931
INT8,4x8,AUTO,64,0.3596
INT8,4x8,AUTO,256,0.6919
INT8,4x8,AUTO,511,0.8163
INT8,4x8,AUTO,1024,0.8393
INT8,4x8,AUTO,4096,0.9543
INT8,4x8,AUTO,16384,0.9649
INT8,4x8,SPATIAL,64,0.0976
INT8,4x8,SPATIAL,256,0.3019
INT8,4x8,SPATIAL,511,0.4629
INT8,4x8,SPATIAL,1024,0.6337
INT8,4x8,SPATIAL,4096,0.8737
INT8,4x8,SPATIAL,16384,0.9651
INT8,4x8,BP-S,64,0.058
INT8,4x8,BP-S,256,0.2192
INT8,4x8,BP-S,511,0.3943
INT8,4x8,BP-S,1024,0.6598
INT8,4x8,BP-S,4096,1.3264
INT8,4x8,BP-S,16384,1.7747
W4A8,1x1,FH,64,1.0
W4A8,1x1,FH,256,1.6
W4A8,1x1,FH,511,1.7743
W4A8,1x1,FH,1024,1.8824
W4A8,1x1,FH,4096,1.9692
W4A8,1x1,FH,16384,1.9759
W4A8,1x1,HY,64,1.0
W4A8,1x1,HY,256,1.6
W4A8,1x1,HY,511,1.7743
W4A8,1x1,HY,1024,1.8824
W4A8,1x1,HY,4096,1.9692
W4A8,1x1,HY,16384,1.9759
W4A8,1x1,HYS,64,1.0
W4A8,1x1,HYS,256,1.6
W4A8,1x1,HYS,511,1.7743
W4A8,1x1,HYS,1024,1.8824
W4A8,1x1,HYS,4096,1.9692
W4A8,1x1,HYS,16384,1.9759
W4A8,1x1,GD,64,1.0
W4A8,1x1,GD,256,1.6
W4A8,1x1,GD,511,1.7743
W4A8,1x1,GD,1024,1.8824
W4A8,1x1,GD,4096,1.9692
W4A8,1x1,GD,16384,1.9922
W4A8,1x1,LSB,64,1.0
W4A8,1x1,LSB,256,1.6
W4A8,1x1,LSB,511,1.7743
W4A8,1x1,LSB,1024,1.8824
W4A8,1x1,LSB,4096,1.9692
W4A8,1x1,LSB,16384,1.9922
W4A8,1x1,AUTO,64,1.0
W4A8,1x1,AUTO,256,1.6
W4A8,1x1,AUTO,511,1.7743
W4A8,1x1,AUTO,1024,1.8824
W4A8,1x1,AUTO,4096,1.9692
W4A8,1x1,AUTO,16384,1.9759
W4A8,1x1,SPATIAL,64,1.0
W4A8,1x1,SPATIAL,256,1.6
W4A8,1x1,SPATIAL,511,1.7743
W4A8,1x1,SPATIAL,1024,1.8824
W4A8,1x1,SPATIAL,4096,1.9692
W4A8,1x1,SPATIAL,16384,1.9922
W4A8,1x1,BP-S,64,nan
W4A8,1x1,BP-S,256,nan
W4A8,1x1,BP-S,511,nan
W4A8,1x1,BP-S,1024,nan
W4A8,1x1,BP-S,4096,nan
W4A8,1x1,BP-S,16384,nan
W4A8,4x4,FH,64,0.6809
W4A8,4x4,FH,256,1.3474
W4A8,4x4,FH,511,1.6069
W4A8,4x4,FH,1024,1.784
W4A8,4x4,FH,4096,1.9412
W4A8,4x4,FH,16384,1.9547
W4A8,4x4,HY,64,0.6809
W4A8,4x4,HY,256,1.3474
W4A8,4x4,HY,511,1.6069
W4A8,4x4,HY,1024,1.784
W4A8,4x4,HY,4096,1.9412
W4A8,4x4,HY,16384,1.9547
W4A8,4x4,HYS,64,0.6809
W4A8,4x4,HYS,256,1.3474
W4A8,4x4,HYS,511,1.6069
W4A8,4x4,HYS,1024,1.784
W4A8,4x4,HYS,4096,1.9412
W4A8,4x4,HYS,16384,1.9547
W4A8,4x4,GD,64,0.3478
W4A8,4x4,GD,256,0.9143
W4A8,4x4,GD,511,1.2525
W4A8,4x4,GD,1024,1.5422
W4A8,4x4,GD,4096,1.8618
W4A8,4x4,GD,16384,1.9636
W4A8,4x4,LSB,64,0.6809
W4A8,4x4,LSB,256,1.3474
W4A8,4x4,LSB,511,1.6069
W4A8,4x4,LSB,1024,1.784
W4A8,4x4,LSB,4096,1.9412
W4A8,4x4,LSB,16384,1.985
W4A8,4x4,AUTO,64,0.6809
W4A8,4x4,AUTO,256,1.3474
W4A8,4x4,AUTO,511,1.6069
W4A8,4x4,AUTO,1024,1.784
W4A8,4x4,AUTO,4096,1.9412
W4A8,4x4,AUTO,16384,1.9547
W4A8,4x4,SPATIAL,64,0.3478
W4A8,4x4,SPATIAL,256,0.9143
W4A8,4x4,SPATIAL,511,1.2525
W4A8,4x4,SPATIAL,1024,1.5422
W4A8,4x4,SPATIAL,4096,1.8618
W4A8,4x4,SPATIAL,16384,1.9636
W4A8,4x4,BP-S,64,nan
W4A8,4x4,BP-S,256,nan
W4A8,4x4,BP-S,511,nan
W4A8,4x4,BP-S,1024,nan
W4A8,4x4,BP-S,4096,nan
W4A8,4x4,BP-S,16384,nan
W4A8,4x8,FH,64,0.4923
W4A8,4x8,FH,256,1.1327
W4A8,4x8,FH,511,1.4435
W4A8,4x8,FH,1024,1.6787
W4A8,4x8,FH,4096,1.9087
W4A8,4x8,FH,16384,1.9298
W4A8,4x8,HY,64,0.4923
W4A8,4x8,HY,256,1.1327
W4A8,4x8,HY,511,1.4435
W4A8,4x8,HY,1024,1.6787
W4A8,4x8,HY,4096,1.9087
W4A8,4x8,HY,16384,1.9298
W4A8,4x8,HYS,64,0.4923
W4A8,4x8,HYS,256,1.1327
W4A8,4x8,HYS,511,1.4435
W4A8,4x8,HYS,1024,1.6787
W4A8,4x8,HYS,4096,1.9087
W4A8,4x8,HYS,16384,1.9298
W4A8,4x8,GD,64,0.1951
W4A8,4x8,GD,256,0.6038
W4A8,4x8,GD,511,0.9257
W4A8,4x8,GD,1024,1.2673
W4A8,4x8,GD,4096,1.7474
W4A8,4x8,GD,16384,1.9303
W4A8,4x8,LSB,64,0.4923
W4A8,4x8,LSB,256,1.1327
W4A8,4x8,LSB,511,1.4435
W4A8,4x8,LSB,1024,1.6787
W4A8,4x8,LSB,4096,1.9087
W4A8,4x8,LSB,16384,1.9764
W4A8,4x8,AUTO,64,0.4923
W4A8,4x8,AUTO,256,1.1327
W4A8,4x8,AUTO,511,1.4435
W4A8,4x8,AUTO,1024,1.6787
W4A8,4x8,AUTO,4096,1.9087
W4A8,4x8,AUTO,16384,1.9298
W4A8,4x8,SPATIAL,64,0.1951
W4A8,4x8,SPATIAL,256,0.6038
W4A8,4x8,SPATIAL,511,0.9257
W4A8,4x8,SPATIAL,1024,1.2673
W4A8,4x8,SPATIAL,4096,1.7474
W4A8,4x8,SPATIAL,16384,1.9303
W4A8,4x8,BP-S,64,nan
W4A8,4x8,BP-S,256,nan
W4A8,4x8,BP-S,511,nan
W4A8,4x8,BP-S,1024,nan
W4A8,4x8,BP-S,4096,nan
W4A8,4x8,BP-S,16384,nan
INT4,1x1,FH,64,2.0
INT4,1x1,FH,256,3.2
INT4,1x1,FH,511,3.5486
INT4,1x1,FH,1024,3.7647
INT4,1x1,FH,4096,3.9385
INT4,1x1,FH,16384,3.9844
INT4,1x1,HY,64,2.0
INT4,1x1,HY,256,3.2
INT4,1x1,HY,511,3.5486
INT4,1x1,HY,1024,3.7647
INT4,1x1,HY,4096,3.9385
INT4,1x1,HY,16384,3.9844
INT4,1x1,HYS,64,2.0
INT4,1x1,HYS,256,3.2
INT4,1x1,HYS,511,3.5486
INT4,1x1,HYS,1024,3.7647
INT4,1x1,HYS,4096,3.9385
INT4,1x1,HYS,16384,3.9844
INT4,1x1,GD,64,2.0
INT4,1x1,GD,256,3.2
INT4,1x1,GD,511,3.5486
INT4,1x1,GD,1024,3.7647
INT4,1x1,GD,4096,3.9385
INT4,1x1,GD,16384,3.9844
INT4,1x1,LSB,64,2.0
INT4,1x1,LSB,256,3.2
INT4,1x1,LSB,511,3.5486
INT4,1x1,LSB,1024,3.7647
INT4,1x1,LSB,4096,3.9385
INT4,1x1,LSB,16384,3.9844
INT4,1x1,AUTO,64,2.0
INT4,1x1,AUTO,256,3.2
INT4,1x1,AUTO,511,3.5486
INT4,1x1,AUTO,1024,3.7647
INT4,1x1,AUTO,4096,3.9385
INT4,1x1,AUTO,16384,3.9844
INT4,1x1,SPATIAL,64,2.0
INT4,1x1,SPATIAL,256,3.2
INT4,1x1,SPATIAL,511,3.5486
INT4,1x1,SPATIAL,1024,3.7647
INT4,1x1,SPATIAL,4096,3.9385
INT4,1x1,SPATIAL,16384,3.9844
INT4,1x1,BP-S,64,nan
INT4,1x1,BP-S,256,nan
INT4,1x1,BP-S,511,nan
INT4,1x1,BP-S,1024,nan
INT4,1x1,BP-S,4096,nan
INT4,1x1,BP-S,16384,nan
INT4,4x4,FH,64,1.0323
INT4,4x4,FH,256,2.3273
INT4,4x4,FH,511,2.9368
INT4,4x4,FH,1024,3.3907
INT4,4x4,FH,4096,3.828
INT4,4x4,FH,16384,3.9556
INT4,4x4,HY,64,1.0323
INT4,4x4,HY,256,2.3273
INT4,4x4,HY,511,2.9368
INT4,4x4,HY,1024,3.3907
INT4,4x4,HY,4096,3.828
INT4,4x4,HY,16384,3.9556
INT4,4x4,HYS,64,1.0323
INT4,4x4,HYS,256,2.3273
INT4,4x4,HYS,511,2.9368
INT4,4x4,HYS,1024,3.3907
INT4,4x4,HYS,4096,3.828
INT4,4x4,HYS,16384,3.9556
INT4,4x4,GD,64,0.6957
INT4,4x4,GD,256,1.8286
INT4,4x4,GD,511,2.5049
INT4,4x4,GD,1024,3.0843
INT4,4x4,GD,4096,3.7236
INT4,4x4,GD,16384,3.9271
INT4,4x4,LSB,64,1.0323
INT4,4x4,LSB,256,2.3273
INT4,4x4,LSB,511,2.9368
INT4,4x4,LSB,1024,3.3907
INT4,4x4,LSB,4096,3.828
INT4,4x4,LSB,16384,3.9556
INT4,4x4,AUTO,64,1.0323
INT4,4x4,AUTO,256,2.3273
INT4,4x4,AUTO,511,2.9368
INT4,4x4,AUTO,1024,3.3907
INT4,4x4,AUTO,4096,3.828
INT4,4x4,AUTO,16384,3.9556
INT4,4x4,SPATIAL,64,0.6957
INT4,4x4,SPATIAL,256,1.8286
INT4,4x4,SPATIAL,511,2.5049
INT4,4x4,SPATIAL,1024,3.0843
INT4,4x4,SPATIAL,4096,3.7236
INT4,4x4,SPATIAL,16384,3.9271
INT4,4x4,BP-S,64,nan
INT4,4x4,BP-S,256,nan
INT4,4x4,BP-S,511,nan
INT4,4x4,BP-S,1024,nan
INT4,4x4,BP-S,4096,nan
INT4,4x4,BP-S,16384,nan
INT4,4x8,FH,64,0.6531
INT4,4x8,FH,256,1.7534
INT4,4x8,FH,511,2.4333
INT4,4x8,FH,1024,3.0296
INT4,4x8,FH,4096,3.7034
INT4,4x8,FH,16384,3.9215
INT4,4x8,HY,64,0.6531
INT4,4x8,HY,256,1.7534
INT4,4x8,HY,511,2.4333
INT4,4x8,HY,1024,3.0296
INT4,4x8,HY,4096,3.7034
INT4,4x8,HY,16384,3.9215
INT4,4x8,HYS,64,0.6531
INT4,4x8,HYS,256,1.7534
INT4,4x8,HYS,511,2.4333
INT4,4x8,HYS,1024,3.0296
INT4,4x8,HYS,4096,3.7034
INT4,4x8,HYS,16384,3.9215
INT4,4x8,GD,64,0.3902
INT4,4x8,GD,256,1.2075
INT4,4x8,GD,511,1.8514
INT4,4x8,GD,1024,2.5347
INT4,4x8,GD,4096,3.4949
INT4,4x8,GD,16384,3.8605
INT4,4x8,LSB,64,0.6531
INT4,4x8,LSB,256,1.7534
INT4,4x8,LSB,511,2.4333
INT4,4x8,LSB,1024,3.0296
INT4,4x8,LSB,4096,3.7034
INT4,4x8,LSB,16384,3.9215
INT4,4x8,AUTO,64,0.6531
INT4,4x8,AUTO,256,1.7534
INT4,4x8,AUTO,511,2.4333
INT4,4x8,AUTO,1024,3.0296
INT4,4x8,AUTO,4096,3.7034
INT4,4x8,AUTO,16384,3.9215
INT4,4x8,SPATIAL,64,0.3902
INT4,4x8,SPATIAL,256,1.2075
INT4,4x8,SPATIAL,511,1.8514
INT4,4x8,SPATIAL,1024,2.5347
INT4,4x8,SPATIAL,4096,3.4949
INT4,4x8,SPATIAL,16384,3.8605
INT4,4x8,BP-S,64,nan
INT4,4x8,BP-S,256,nan
INT4,4x8,BP-S,511,nan
INT4,4x8,BP-S,1024,nan
INT4,4x8,BP-S,4096,nan
INT4,4x8,BP-S,16384,nan
