kind,grid,A,core_claim,core,coll,feed,ctrl,all_in,layer,M,N,L,design,mac_per_cycle_tile,gmacs_per_mm2,WO_HYS,WO_FH,CNSB,BP,SC,OS_mesh
area,1x1,44017.974,249.018,237.552,706.384,1998.808,100.0,3042.744,,,,,,,,,,,,,
area,4x4,521892.14,2467.248,2283.792,2825.536,7995.232,100.0,13204.56,,,,,,,,,,,,,
area,4x8,1016043.42,4833.36,4466.448,2825.536,13066.536,100.0,20458.52,,,,,,,,,,,,,
util,1x1,,,,,,,,prefill S=512 QKV proj,512,12288,4096,WO-ring (in-composite area),0.9846,569.6,,,,,,
util,1x1,,,,,,,,prefill S=512 QKV proj,512,12288,4096,WO-ring (all-in area),0.9846,535.6,,,,,,
util,1x1,,,,,,,,prefill S=512 QKV proj,512,12288,4096,"CNSB (all-in, its own estimate)",0.9846,542.6,,,,,,
util,1x1,,,,,,,,prefill S=512 QKV proj,512,12288,4096,BP-HW-ring (its own estimate),1.6,900.2,,,,,,
util,1x1,,,,,,,,prefill S=512 QKV proj,512,12288,4096,SC T=128 (reference),0.9981,580.4,,,,,,
util,1x1,,,,,,,,prefill S=512 QKV proj,512,12288,4096,BOS INT8 x1,0.9947,1611.9,,,,,,
util,1x1,,,,,,,,prefill S=512 O proj,512,4096,4096,WO-ring (in-composite area),0.9846,569.6,,,,,,
util,1x1,,,,,,,,prefill S=512 O proj,512,4096,4096,WO-ring (all-in area),0.9846,535.6,,,,,,
util,1x1,,,,,,,,prefill S=512 O proj,512,4096,4096,"CNSB (all-in, its own estimate)",0.9846,542.6,,,,,,
util,1x1,,,,,,,,prefill S=512 O proj,512,4096,4096,BP-HW-ring (its own estimate),1.6,900.2,,,,,,
util,1x1,,,,,,,,prefill S=512 O proj,512,4096,4096,SC T=128 (reference),0.9981,580.4,,,,,,
util,1x1,,,,,,,,prefill S=512 O proj,512,4096,4096,BOS INT8 x1,0.9947,1611.9,,,,,,
util,1x1,,,,,,,,prefill S=512 FFN gate+up,512,22016,4096,WO-ring (in-composite area),0.9846,569.6,,,,,,
util,1x1,,,,,,,,prefill S=512 FFN gate+up,512,22016,4096,WO-ring (all-in area),0.9846,535.6,,,,,,
util,1x1,,,,,,,,prefill S=512 FFN gate+up,512,22016,4096,"CNSB (all-in, its own estimate)",0.9846,542.6,,,,,,
util,1x1,,,,,,,,prefill S=512 FFN gate+up,512,22016,4096,BP-HW-ring (its own estimate),1.6,900.2,,,,,,
util,1x1,,,,,,,,prefill S=512 FFN gate+up,512,22016,4096,SC T=128 (reference),0.9981,580.4,,,,,,
util,1x1,,,,,,,,prefill S=512 FFN gate+up,512,22016,4096,BOS INT8 x1,0.9947,1611.9,,,,,,
util,1x1,,,,,,,,prefill S=512 FFN down,512,4096,11008,WO-ring (in-composite area),0.9878,571.4,,,,,,
util,1x1,,,,,,,,prefill S=512 FFN down,512,4096,11008,WO-ring (all-in area),0.9878,537.3,,,,,,
util,1x1,,,,,,,,prefill S=512 FFN down,512,4096,11008,"CNSB (all-in, its own estimate)",0.9942,547.9,,,,,,
util,1x1,,,,,,,,prefill S=512 FFN down,512,4096,11008,BP-HW-ring (its own estimate),1.8298,1029.5,,,,,,
util,1x1,,,,,,,,prefill S=512 FFN down,512,4096,11008,SC T=128 (reference),0.9993,581.2,,,,,,
util,1x1,,,,,,,,prefill S=512 FFN down,512,4096,11008,BOS INT8 x1,0.998,1617.3,,,,,,
util,1x1,,,,,,,,prefill S=512 QK^T hd128,512,512,128,WO-ring (in-composite area),0.7273,420.7,,,,,,
util,1x1,,,,,,,,prefill S=512 QK^T hd128,512,512,128,WO-ring (all-in area),0.7273,395.6,,,,,,
util,1x1,,,,,,,,prefill S=512 QK^T hd128,512,512,128,"CNSB (all-in, its own estimate)",0.6667,367.4,,,,,,
util,1x1,,,,,,,,prefill S=512 QK^T hd128,512,512,128,BP-HW-ring (its own estimate),0.2222,125.0,,,,,,
util,1x1,,,,,,,,prefill S=512 QK^T hd128,512,512,128,SC T=128 (reference),0.9412,547.4,,,,,,
util,1x1,,,,,,,,prefill S=512 QK^T hd128,512,512,128,BOS INT8 x1,0.8533,1382.8,,,,,,
util,1x1,,,,,,,,prefill S=512 QK^T hd64,512,512,64,WO-ring (in-composite area),0.5714,330.5,,,,,,
util,1x1,,,,,,,,prefill S=512 QK^T hd64,512,512,64,WO-ring (all-in area),0.5714,310.8,,,,,,
util,1x1,,,,,,,,prefill S=512 QK^T hd64,512,512,64,"CNSB (all-in, its own estimate)",0.5,275.6,,,,,,
util,1x1,,,,,,,,prefill S=512 QK^T hd64,512,512,64,BP-HW-ring (its own estimate),0.1111,62.5,,,,,,
util,1x1,,,,,,,,prefill S=512 QK^T hd64,512,512,64,SC T=128 (reference),0.8889,517.0,,,,,,
util,1x1,,,,,,,,prefill S=512 QK^T hd64,512,512,64,BOS INT8 x1,0.7442,1206.0,,,,,,
util,1x1,,,,,,,,prefill S=512 SV hd128,512,128,512,WO-ring (in-composite area),0.8889,514.2,,,,,,
util,1x1,,,,,,,,prefill S=512 SV hd128,512,128,512,WO-ring (all-in area),0.8889,483.5,,,,,,
util,1x1,,,,,,,,prefill S=512 SV hd128,512,128,512,"CNSB (all-in, its own estimate)",0.8889,489.9,,,,,,
util,1x1,,,,,,,,prefill S=512 SV hd128,512,128,512,BP-HW-ring (its own estimate),0.6667,375.1,,,,,,
util,1x1,,,,,,,,prefill S=512 SV hd128,512,128,512,SC T=128 (reference),0.9846,572.6,,,,,,
util,1x1,,,,,,,,prefill S=512 SV hd128,512,128,512,BOS INT8 x1,0.9588,1553.8,,,,,,
util,1x1,,,,,,,,prefill S=2048 QKV proj,2048,12288,4096,WO-ring (in-composite area),0.9846,569.6,,,,,,
util,1x1,,,,,,,,prefill S=2048 QKV proj,2048,12288,4096,WO-ring (all-in area),0.9846,535.6,,,,,,
util,1x1,,,,,,,,prefill S=2048 QKV proj,2048,12288,4096,"CNSB (all-in, its own estimate)",0.9846,542.6,,,,,,
util,1x1,,,,,,,,prefill S=2048 QKV proj,2048,12288,4096,BP-HW-ring (its own estimate),1.6,900.2,,,,,,
util,1x1,,,,,,,,prefill S=2048 QKV proj,2048,12288,4096,SC T=128 (reference),0.9981,580.4,,,,,,
util,1x1,,,,,,,,prefill S=2048 QKV proj,2048,12288,4096,BOS INT8 x1,0.9947,1611.9,,,,,,
util,1x1,,,,,,,,prefill S=2048 O proj,2048,4096,4096,WO-ring (in-composite area),0.9846,569.6,,,,,,
util,1x1,,,,,,,,prefill S=2048 O proj,2048,4096,4096,WO-ring (all-in area),0.9846,535.6,,,,,,
util,1x1,,,,,,,,prefill S=2048 O proj,2048,4096,4096,"CNSB (all-in, its own estimate)",0.9846,542.6,,,,,,
util,1x1,,,,,,,,prefill S=2048 O proj,2048,4096,4096,BP-HW-ring (its own estimate),1.6,900.2,,,,,,
util,1x1,,,,,,,,prefill S=2048 O proj,2048,4096,4096,SC T=128 (reference),0.9981,580.4,,,,,,
util,1x1,,,,,,,,prefill S=2048 O proj,2048,4096,4096,BOS INT8 x1,0.9947,1611.9,,,,,,
util,1x1,,,,,,,,prefill S=2048 FFN gate+up,2048,22016,4096,WO-ring (in-composite area),0.9846,569.6,,,,,,
util,1x1,,,,,,,,prefill S=2048 FFN gate+up,2048,22016,4096,WO-ring (all-in area),0.9846,535.6,,,,,,
util,1x1,,,,,,,,prefill S=2048 FFN gate+up,2048,22016,4096,"CNSB (all-in, its own estimate)",0.9846,542.6,,,,,,
util,1x1,,,,,,,,prefill S=2048 FFN gate+up,2048,22016,4096,BP-HW-ring (its own estimate),1.6,900.2,,,,,,
util,1x1,,,,,,,,prefill S=2048 FFN gate+up,2048,22016,4096,SC T=128 (reference),0.9981,580.4,,,,,,
util,1x1,,,,,,,,prefill S=2048 FFN gate+up,2048,22016,4096,BOS INT8 x1,0.9947,1611.9,,,,,,
util,1x1,,,,,,,,prefill S=2048 FFN down,2048,4096,11008,WO-ring (in-composite area),0.9878,571.4,,,,,,
util,1x1,,,,,,,,prefill S=2048 FFN down,2048,4096,11008,WO-ring (all-in area),0.9878,537.3,,,,,,
util,1x1,,,,,,,,prefill S=2048 FFN down,2048,4096,11008,"CNSB (all-in, its own estimate)",0.9942,547.9,,,,,,
util,1x1,,,,,,,,prefill S=2048 FFN down,2048,4096,11008,BP-HW-ring (its own estimate),1.8298,1029.5,,,,,,
util,1x1,,,,,,,,prefill S=2048 FFN down,2048,4096,11008,SC T=128 (reference),0.9993,581.2,,,,,,
util,1x1,,,,,,,,prefill S=2048 FFN down,2048,4096,11008,BOS INT8 x1,0.998,1617.3,,,,,,
util,1x1,,,,,,,,prefill S=2048 QK^T hd128,2048,2048,128,WO-ring (in-composite area),0.7273,420.7,,,,,,
util,1x1,,,,,,,,prefill S=2048 QK^T hd128,2048,2048,128,WO-ring (all-in area),0.7273,395.6,,,,,,
util,1x1,,,,,,,,prefill S=2048 QK^T hd128,2048,2048,128,"CNSB (all-in, its own estimate)",0.6667,367.4,,,,,,
util,1x1,,,,,,,,prefill S=2048 QK^T hd128,2048,2048,128,BP-HW-ring (its own estimate),0.2222,125.0,,,,,,
util,1x1,,,,,,,,prefill S=2048 QK^T hd128,2048,2048,128,SC T=128 (reference),0.9412,547.4,,,,,,
util,1x1,,,,,,,,prefill S=2048 QK^T hd128,2048,2048,128,BOS INT8 x1,0.8533,1382.8,,,,,,
util,1x1,,,,,,,,prefill S=2048 QK^T hd64,2048,2048,64,WO-ring (in-composite area),0.5714,330.5,,,,,,
util,1x1,,,,,,,,prefill S=2048 QK^T hd64,2048,2048,64,WO-ring (all-in area),0.5714,310.8,,,,,,
util,1x1,,,,,,,,prefill S=2048 QK^T hd64,2048,2048,64,"CNSB (all-in, its own estimate)",0.5,275.6,,,,,,
util,1x1,,,,,,,,prefill S=2048 QK^T hd64,2048,2048,64,BP-HW-ring (its own estimate),0.1111,62.5,,,,,,
util,1x1,,,,,,,,prefill S=2048 QK^T hd64,2048,2048,64,SC T=128 (reference),0.8889,517.0,,,,,,
util,1x1,,,,,,,,prefill S=2048 QK^T hd64,2048,2048,64,BOS INT8 x1,0.7442,1206.0,,,,,,
util,1x1,,,,,,,,prefill S=2048 SV hd128,2048,128,2048,WO-ring (in-composite area),0.9697,560.9,,,,,,
util,1x1,,,,,,,,prefill S=2048 SV hd128,2048,128,2048,WO-ring (all-in area),0.9697,527.5,,,,,,
util,1x1,,,,,,,,prefill S=2048 SV hd128,2048,128,2048,"CNSB (all-in, its own estimate)",0.9697,534.4,,,,,,
util,1x1,,,,,,,,prefill S=2048 SV hd128,2048,128,2048,BP-HW-ring (its own estimate),1.3333,750.2,,,,,,
util,1x1,,,,,,,,prefill S=2048 SV hd128,2048,128,2048,SC T=128 (reference),0.9961,579.3,,,,,,
util,1x1,,,,,,,,prefill S=2048 SV hd128,2048,128,2048,BOS INT8 x1,0.9894,1603.3,,,,,,
util,1x1,,,,,,,,prefill S=4096 QKV proj,4096,12288,4096,WO-ring (in-composite area),0.9846,569.6,,,,,,
util,1x1,,,,,,,,prefill S=4096 QKV proj,4096,12288,4096,WO-ring (all-in area),0.9846,535.6,,,,,,
util,1x1,,,,,,,,prefill S=4096 QKV proj,4096,12288,4096,"CNSB (all-in, its own estimate)",0.9846,542.6,,,,,,
util,1x1,,,,,,,,prefill S=4096 QKV proj,4096,12288,4096,BP-HW-ring (its own estimate),1.6,900.2,,,,,,
util,1x1,,,,,,,,prefill S=4096 QKV proj,4096,12288,4096,SC T=128 (reference),0.9981,580.4,,,,,,
util,1x1,,,,,,,,prefill S=4096 QKV proj,4096,12288,4096,BOS INT8 x1,0.9947,1611.9,,,,,,
util,1x1,,,,,,,,prefill S=4096 O proj,4096,4096,4096,WO-ring (in-composite area),0.9846,569.6,,,,,,
util,1x1,,,,,,,,prefill S=4096 O proj,4096,4096,4096,WO-ring (all-in area),0.9846,535.6,,,,,,
util,1x1,,,,,,,,prefill S=4096 O proj,4096,4096,4096,"CNSB (all-in, its own estimate)",0.9846,542.6,,,,,,
util,1x1,,,,,,,,prefill S=4096 O proj,4096,4096,4096,BP-HW-ring (its own estimate),1.6,900.2,,,,,,
util,1x1,,,,,,,,prefill S=4096 O proj,4096,4096,4096,SC T=128 (reference),0.9981,580.4,,,,,,
util,1x1,,,,,,,,prefill S=4096 O proj,4096,4096,4096,BOS INT8 x1,0.9947,1611.9,,,,,,
util,1x1,,,,,,,,prefill S=4096 FFN gate+up,4096,22016,4096,WO-ring (in-composite area),0.9846,569.6,,,,,,
util,1x1,,,,,,,,prefill S=4096 FFN gate+up,4096,22016,4096,WO-ring (all-in area),0.9846,535.6,,,,,,
util,1x1,,,,,,,,prefill S=4096 FFN gate+up,4096,22016,4096,"CNSB (all-in, its own estimate)",0.9846,542.6,,,,,,
util,1x1,,,,,,,,prefill S=4096 FFN gate+up,4096,22016,4096,BP-HW-ring (its own estimate),1.6,900.2,,,,,,
util,1x1,,,,,,,,prefill S=4096 FFN gate+up,4096,22016,4096,SC T=128 (reference),0.9981,580.4,,,,,,
util,1x1,,,,,,,,prefill S=4096 FFN gate+up,4096,22016,4096,BOS INT8 x1,0.9947,1611.9,,,,,,
util,1x1,,,,,,,,prefill S=4096 FFN down,4096,4096,11008,WO-ring (in-composite area),0.9878,571.4,,,,,,
util,1x1,,,,,,,,prefill S=4096 FFN down,4096,4096,11008,WO-ring (all-in area),0.9878,537.3,,,,,,
util,1x1,,,,,,,,prefill S=4096 FFN down,4096,4096,11008,"CNSB (all-in, its own estimate)",0.9942,547.9,,,,,,
util,1x1,,,,,,,,prefill S=4096 FFN down,4096,4096,11008,BP-HW-ring (its own estimate),1.8298,1029.5,,,,,,
util,1x1,,,,,,,,prefill S=4096 FFN down,4096,4096,11008,SC T=128 (reference),0.9993,581.2,,,,,,
util,1x1,,,,,,,,prefill S=4096 FFN down,4096,4096,11008,BOS INT8 x1,0.998,1617.3,,,,,,
util,1x1,,,,,,,,prefill S=4096 QK^T hd128,4096,4096,128,WO-ring (in-composite area),0.7273,420.7,,,,,,
util,1x1,,,,,,,,prefill S=4096 QK^T hd128,4096,4096,128,WO-ring (all-in area),0.7273,395.6,,,,,,
util,1x1,,,,,,,,prefill S=4096 QK^T hd128,4096,4096,128,"CNSB (all-in, its own estimate)",0.6667,367.4,,,,,,
util,1x1,,,,,,,,prefill S=4096 QK^T hd128,4096,4096,128,BP-HW-ring (its own estimate),0.2222,125.0,,,,,,
util,1x1,,,,,,,,prefill S=4096 QK^T hd128,4096,4096,128,SC T=128 (reference),0.9412,547.4,,,,,,
util,1x1,,,,,,,,prefill S=4096 QK^T hd128,4096,4096,128,BOS INT8 x1,0.8533,1382.8,,,,,,
util,1x1,,,,,,,,prefill S=4096 QK^T hd64,4096,4096,64,WO-ring (in-composite area),0.5714,330.5,,,,,,
util,1x1,,,,,,,,prefill S=4096 QK^T hd64,4096,4096,64,WO-ring (all-in area),0.5714,310.8,,,,,,
util,1x1,,,,,,,,prefill S=4096 QK^T hd64,4096,4096,64,"CNSB (all-in, its own estimate)",0.5,275.6,,,,,,
util,1x1,,,,,,,,prefill S=4096 QK^T hd64,4096,4096,64,BP-HW-ring (its own estimate),0.1111,62.5,,,,,,
util,1x1,,,,,,,,prefill S=4096 QK^T hd64,4096,4096,64,SC T=128 (reference),0.8889,517.0,,,,,,
util,1x1,,,,,,,,prefill S=4096 QK^T hd64,4096,4096,64,BOS INT8 x1,0.7442,1206.0,,,,,,
util,1x1,,,,,,,,prefill S=4096 SV hd128,4096,128,4096,WO-ring (in-composite area),0.9846,569.6,,,,,,
util,1x1,,,,,,,,prefill S=4096 SV hd128,4096,128,4096,WO-ring (all-in area),0.9846,535.6,,,,,,
util,1x1,,,,,,,,prefill S=4096 SV hd128,4096,128,4096,"CNSB (all-in, its own estimate)",0.9846,542.6,,,,,,
util,1x1,,,,,,,,prefill S=4096 SV hd128,4096,128,4096,BP-HW-ring (its own estimate),1.6,900.2,,,,,,
util,1x1,,,,,,,,prefill S=4096 SV hd128,4096,128,4096,SC T=128 (reference),0.9981,580.4,,,,,,
util,1x1,,,,,,,,prefill S=4096 SV hd128,4096,128,4096,BOS INT8 x1,0.9947,1611.9,,,,,,
util,1x1,,,,,,,,decode B=1 FFN gate+up,1,22016,4096,WO-ring (in-composite area),0.2462,142.4,,,,,,
util,1x1,,,,,,,,decode B=1 FFN gate+up,1,22016,4096,WO-ring (all-in area),0.2462,133.9,,,,,,
util,1x1,,,,,,,,decode B=1 FFN gate+up,1,22016,4096,"CNSB (all-in, its own estimate)",0.4923,271.3,,,,,,
util,1x1,,,,,,,,decode B=1 FFN gate+up,1,22016,4096,BP-HW-ring (its own estimate),1.6,900.2,,,,,,
util,1x1,,,,,,,,decode B=1 FFN gate+up,1,22016,4096,SC T=128 (reference),0.1248,72.6,,,,,,
util,1x1,,,,,,,,decode B=1 FFN gate+up,1,22016,4096,BOS INT8 x1,0.1243,201.5,,,,,,
util,1x1,,,,,,,,decode B=1 FFN down,1,4096,11008,WO-ring (in-composite area),0.2469,142.8,,,,,,
util,1x1,,,,,,,,decode B=1 FFN down,1,4096,11008,WO-ring (all-in area),0.2469,134.3,,,,,,
util,1x1,,,,,,,,decode B=1 FFN down,1,4096,11008,"CNSB (all-in, its own estimate)",0.4971,274.0,,,,,,
util,1x1,,,,,,,,decode B=1 FFN down,1,4096,11008,BP-HW-ring (its own estimate),1.8298,1029.5,,,,,,
util,1x1,,,,,,,,decode B=1 FFN down,1,4096,11008,SC T=128 (reference),0.1249,72.6,,,,,,
util,1x1,,,,,,,,decode B=1 FFN down,1,4096,11008,BOS INT8 x1,0.1248,202.2,,,,,,
util,1x1,,,,,,,,decode B=8 FFN gate+up,8,22016,4096,WO-ring (in-composite area),0.9846,569.6,,,,,,
util,1x1,,,,,,,,decode B=8 FFN gate+up,8,22016,4096,WO-ring (all-in area),0.9846,535.6,,,,,,
util,1x1,,,,,,,,decode B=8 FFN gate+up,8,22016,4096,"CNSB (all-in, its own estimate)",0.9846,542.6,,,,,,
util,1x1,,,,,,,,decode B=8 FFN gate+up,8,22016,4096,BP-HW-ring (its own estimate),1.6,900.2,,,,,,
util,1x1,,,,,,,,decode B=8 FFN gate+up,8,22016,4096,SC T=128 (reference),0.9981,580.4,,,,,,
util,1x1,,,,,,,,decode B=8 FFN gate+up,8,22016,4096,BOS INT8 x1,0.9947,1611.9,,,,,,
util,1x1,,,,,,,,decode B=8 FFN down,8,4096,11008,WO-ring (in-composite area),0.9878,571.4,,,,,,
util,1x1,,,,,,,,decode B=8 FFN down,8,4096,11008,WO-ring (all-in area),0.9878,537.3,,,,,,
util,1x1,,,,,,,,decode B=8 FFN down,8,4096,11008,"CNSB (all-in, its own estimate)",0.9942,547.9,,,,,,
util,1x1,,,,,,,,decode B=8 FFN down,8,4096,11008,BP-HW-ring (its own estimate),1.8298,1029.5,,,,,,
util,1x1,,,,,,,,decode B=8 FFN down,8,4096,11008,SC T=128 (reference),0.9993,581.2,,,,,,
util,1x1,,,,,,,,decode B=8 FFN down,8,4096,11008,BOS INT8 x1,0.998,1617.3,,,,,,
util,1x1,,,,,,,,decode B=32 FFN gate+up,32,22016,4096,WO-ring (in-composite area),0.9846,569.6,,,,,,
util,1x1,,,,,,,,decode B=32 FFN gate+up,32,22016,4096,WO-ring (all-in area),0.9846,535.6,,,,,,
util,1x1,,,,,,,,decode B=32 FFN gate+up,32,22016,4096,"CNSB (all-in, its own estimate)",0.9846,542.6,,,,,,
util,1x1,,,,,,,,decode B=32 FFN gate+up,32,22016,4096,BP-HW-ring (its own estimate),1.6,900.2,,,,,,
util,1x1,,,,,,,,decode B=32 FFN gate+up,32,22016,4096,SC T=128 (reference),0.9981,580.4,,,,,,
util,1x1,,,,,,,,decode B=32 FFN gate+up,32,22016,4096,BOS INT8 x1,0.9947,1611.9,,,,,,
util,1x1,,,,,,,,decode B=32 FFN down,32,4096,11008,WO-ring (in-composite area),0.9878,571.4,,,,,,
util,1x1,,,,,,,,decode B=32 FFN down,32,4096,11008,WO-ring (all-in area),0.9878,537.3,,,,,,
util,1x1,,,,,,,,decode B=32 FFN down,32,4096,11008,"CNSB (all-in, its own estimate)",0.9942,547.9,,,,,,
util,1x1,,,,,,,,decode B=32 FFN down,32,4096,11008,BP-HW-ring (its own estimate),1.8298,1029.5,,,,,,
util,1x1,,,,,,,,decode B=32 FFN down,32,4096,11008,SC T=128 (reference),0.9993,581.2,,,,,,
util,1x1,,,,,,,,decode B=32 FFN down,32,4096,11008,BOS INT8 x1,0.998,1617.3,,,,,,
util,1x1,,,,,,,,"decode ctx=512 QK^T hd128 (per seq,head)",1,512,128,WO-ring (in-composite area),0.1667,96.4,,,,,,
util,1x1,,,,,,,,"decode ctx=512 QK^T hd128 (per seq,head)",1,512,128,WO-ring (all-in area),0.1667,90.7,,,,,,
util,1x1,,,,,,,,"decode ctx=512 QK^T hd128 (per seq,head)",1,512,128,"CNSB (all-in, its own estimate)",0.3333,183.7,,,,,,
util,1x1,,,,,,,,"decode ctx=512 QK^T hd128 (per seq,head)",1,512,128,BP-HW-ring (its own estimate),0.2222,125.0,,,,,,
util,1x1,,,,,,,,"decode ctx=512 QK^T hd128 (per seq,head)",1,512,128,SC T=128 (reference),0.1176,68.4,,,,,,
util,1x1,,,,,,,,"decode ctx=512 QK^T hd128 (per seq,head)",1,512,128,BOS INT8 x1,0.1067,172.9,,,,,,
util,1x1,,,,,,,,"decode ctx=512 SV hd128 (per seq,head)",1,128,512,WO-ring (in-composite area),0.2222,128.5,,,,,,
util,1x1,,,,,,,,"decode ctx=512 SV hd128 (per seq,head)",1,128,512,WO-ring (all-in area),0.2222,120.9,,,,,,
util,1x1,,,,,,,,"decode ctx=512 SV hd128 (per seq,head)",1,128,512,"CNSB (all-in, its own estimate)",0.4444,244.9,,,,,,
util,1x1,,,,,,,,"decode ctx=512 SV hd128 (per seq,head)",1,128,512,BP-HW-ring (its own estimate),0.6667,375.1,,,,,,
util,1x1,,,,,,,,"decode ctx=512 SV hd128 (per seq,head)",1,128,512,SC T=128 (reference),0.1231,71.6,,,,,,
util,1x1,,,,,,,,"decode ctx=512 SV hd128 (per seq,head)",1,128,512,BOS INT8 x1,0.1199,194.2,,,,,,
util,1x1,,,,,,,,"decode ctx=4096 QK^T hd128 (per seq,head)",1,4096,128,WO-ring (in-composite area),0.1667,96.4,,,,,,
util,1x1,,,,,,,,"decode ctx=4096 QK^T hd128 (per seq,head)",1,4096,128,WO-ring (all-in area),0.1667,90.7,,,,,,
util,1x1,,,,,,,,"decode ctx=4096 QK^T hd128 (per seq,head)",1,4096,128,"CNSB (all-in, its own estimate)",0.3333,183.7,,,,,,
util,1x1,,,,,,,,"decode ctx=4096 QK^T hd128 (per seq,head)",1,4096,128,BP-HW-ring (its own estimate),0.2222,125.0,,,,,,
util,1x1,,,,,,,,"decode ctx=4096 QK^T hd128 (per seq,head)",1,4096,128,SC T=128 (reference),0.1176,68.4,,,,,,
util,1x1,,,,,,,,"decode ctx=4096 QK^T hd128 (per seq,head)",1,4096,128,BOS INT8 x1,0.1067,172.9,,,,,,
util,1x1,,,,,,,,"decode ctx=4096 SV hd128 (per seq,head)",1,128,4096,WO-ring (in-composite area),0.2462,142.4,,,,,,
util,1x1,,,,,,,,"decode ctx=4096 SV hd128 (per seq,head)",1,128,4096,WO-ring (all-in area),0.2462,133.9,,,,,,
util,1x1,,,,,,,,"decode ctx=4096 SV hd128 (per seq,head)",1,128,4096,"CNSB (all-in, its own estimate)",0.4923,271.3,,,,,,
util,1x1,,,,,,,,"decode ctx=4096 SV hd128 (per seq,head)",1,128,4096,BP-HW-ring (its own estimate),1.6,900.2,,,,,,
util,1x1,,,,,,,,"decode ctx=4096 SV hd128 (per seq,head)",1,128,4096,SC T=128 (reference),0.1248,72.6,,,,,,
util,1x1,,,,,,,,"decode ctx=4096 SV hd128 (per seq,head)",1,128,4096,BOS INT8 x1,0.1243,201.5,,,,,,
util,4x4,,,,,,,,prefill S=512 QKV proj,512,12288,4096,WO-ring (in-composite area),0.9706,758.5,,,,,,
util,4x4,,,,,,,,prefill S=512 QKV proj,512,12288,4096,WO-ring (all-in area),0.9706,743.0,,,,,,
util,4x4,,,,,,,,prefill S=512 QKV proj,512,12288,4096,"CNSB (all-in, its own estimate)",0.9309,717.6,,,,,,
util,4x4,,,,,,,,prefill S=512 QKV proj,512,12288,4096,BP-HW-ring (its own estimate),1.4629,1131.0,,,,,,
util,4x4,,,,,,,,prefill S=512 QKV proj,512,12288,4096,SC T=128 (reference),0.9908,777.6,,,,,,
util,4x4,,,,,,,,prefill S=512 QKV proj,512,12288,4096,BOS INT8 x16,0.9947,1611.9,,,,,,
util,4x4,,,,,,,,prefill S=512 O proj,512,4096,4096,WO-ring (in-composite area),0.9706,758.5,,,,,,
util,4x4,,,,,,,,prefill S=512 O proj,512,4096,4096,WO-ring (all-in area),0.9706,743.0,,,,,,
util,4x4,,,,,,,,prefill S=512 O proj,512,4096,4096,"CNSB (all-in, its own estimate)",0.9309,717.6,,,,,,
util,4x4,,,,,,,,prefill S=512 O proj,512,4096,4096,BP-HW-ring (its own estimate),1.4629,1131.0,,,,,,
util,4x4,,,,,,,,prefill S=512 O proj,512,4096,4096,SC T=128 (reference),0.9908,777.6,,,,,,
util,4x4,,,,,,,,prefill S=512 O proj,512,4096,4096,BOS INT8 x16,0.9947,1611.9,,,,,,
util,4x4,,,,,,,,prefill S=512 FFN gate+up,512,22016,4096,WO-ring (in-composite area),0.9706,758.5,,,,,,
util,4x4,,,,,,,,prefill S=512 FFN gate+up,512,22016,4096,WO-ring (all-in area),0.9706,743.0,,,,,,
util,4x4,,,,,,,,prefill S=512 FFN gate+up,512,22016,4096,"CNSB (all-in, its own estimate)",0.9309,717.6,,,,,,
util,4x4,,,,,,,,prefill S=512 FFN gate+up,512,22016,4096,BP-HW-ring (its own estimate),1.4629,1131.0,,,,,,
util,4x4,,,,,,,,prefill S=512 FFN gate+up,512,22016,4096,SC T=128 (reference),0.9908,777.6,,,,,,
util,4x4,,,,,,,,prefill S=512 FFN gate+up,512,22016,4096,BOS INT8 x16,0.9947,1611.9,,,,,,
util,4x4,,,,,,,,prefill S=512 FFN down,512,4096,11008,WO-ring (in-composite area),0.9773,763.7,,,,,,
util,4x4,,,,,,,,prefill S=512 FFN down,512,4096,11008,WO-ring (all-in area),0.9773,748.1,,,,,,
util,4x4,,,,,,,,prefill S=512 FFN down,512,4096,11008,"CNSB (all-in, its own estimate)",0.9731,750.2,,,,,,
util,4x4,,,,,,,,prefill S=512 FFN down,512,4096,11008,BP-HW-ring (its own estimate),1.7596,1360.4,,,,,,
util,4x4,,,,,,,,prefill S=512 FFN down,512,4096,11008,SC T=128 (reference),0.9966,782.1,,,,,,
util,4x4,,,,,,,,prefill S=512 FFN down,512,4096,11008,BOS INT8 x16,0.998,1617.3,,,,,,
util,4x4,,,,,,,,prefill S=512 QK^T hd128,512,512,128,WO-ring (in-composite area),0.6214,485.5,,,,,,
util,4x4,,,,,,,,prefill S=512 QK^T hd128,512,512,128,WO-ring (all-in area),0.6214,475.6,,,,,,
util,4x4,,,,,,,,prefill S=512 QK^T hd128,512,512,128,"CNSB (all-in, its own estimate)",0.2963,228.4,,,,,,
util,4x4,,,,,,,,prefill S=512 QK^T hd128,512,512,128,BP-HW-ring (its own estimate),0.1569,121.3,,,,,,
util,4x4,,,,,,,,prefill S=512 QK^T hd128,512,512,128,SC T=128 (reference),0.7711,605.2,,,,,,
util,4x4,,,,,,,,prefill S=512 QK^T hd128,512,512,128,BOS INT8 x16,0.8533,1382.8,,,,,,
util,4x4,,,,,,,,prefill S=512 QK^T hd64,512,512,64,WO-ring (in-composite area),0.4507,352.2,,,,,,
util,4x4,,,,,,,,prefill S=512 QK^T hd64,512,512,64,WO-ring (all-in area),0.4507,345.0,,,,,,
util,4x4,,,,,,,,prefill S=512 QK^T hd64,512,512,64,"CNSB (all-in, its own estimate)",0.1739,134.1,,,,,,
util,4x4,,,,,,,,prefill S=512 QK^T hd64,512,512,64,BP-HW-ring (its own estimate),0.0784,60.6,,,,,,
util,4x4,,,,,,,,prefill S=512 QK^T hd64,512,512,64,SC T=128 (reference),0.6275,492.4,,,,,,
util,4x4,,,,,,,,prefill S=512 QK^T hd64,512,512,64,BOS INT8 x16,0.7442,1206.0,,,,,,
util,4x4,,,,,,,,prefill S=512 SV hd128,512,128,512,WO-ring (in-composite area),0.805,629.1,,,,,,
util,4x4,,,,,,,,prefill S=512 SV hd128,512,128,512,WO-ring (all-in area),0.805,616.2,,,,,,
util,4x4,,,,,,,,prefill S=512 SV hd128,512,128,512,"CNSB (all-in, its own estimate)",0.6275,483.7,,,,,,
util,4x4,,,,,,,,prefill S=512 SV hd128,512,128,512,BP-HW-ring (its own estimate),0.5079,392.7,,,,,,
util,4x4,,,,,,,,prefill S=512 SV hd128,512,128,512,SC T=128 (reference),0.9309,730.6,,,,,,
util,4x4,,,,,,,,prefill S=512 SV hd128,512,128,512,BOS INT8 x16,0.9588,1553.8,,,,,,
util,4x4,,,,,,,,prefill S=2048 QKV proj,2048,12288,4096,WO-ring (in-composite area),0.9706,758.5,,,,,,
util,4x4,,,,,,,,prefill S=2048 QKV proj,2048,12288,4096,WO-ring (all-in area),0.9706,743.0,,,,,,
util,4x4,,,,,,,,prefill S=2048 QKV proj,2048,12288,4096,"CNSB (all-in, its own estimate)",0.9309,717.6,,,,,,
util,4x4,,,,,,,,prefill S=2048 QKV proj,2048,12288,4096,BP-HW-ring (its own estimate),1.4629,1131.0,,,,,,
util,4x4,,,,,,,,prefill S=2048 QKV proj,2048,12288,4096,SC T=128 (reference),0.9908,777.6,,,,,,
util,4x4,,,,,,,,prefill S=2048 QKV proj,2048,12288,4096,BOS INT8 x16,0.9947,1611.9,,,,,,
util,4x4,,,,,,,,prefill S=2048 O proj,2048,4096,4096,WO-ring (in-composite area),0.9706,758.5,,,,,,
util,4x4,,,,,,,,prefill S=2048 O proj,2048,4096,4096,WO-ring (all-in area),0.9706,743.0,,,,,,
util,4x4,,,,,,,,prefill S=2048 O proj,2048,4096,4096,"CNSB (all-in, its own estimate)",0.9309,717.6,,,,,,
util,4x4,,,,,,,,prefill S=2048 O proj,2048,4096,4096,BP-HW-ring (its own estimate),1.4629,1131.0,,,,,,
util,4x4,,,,,,,,prefill S=2048 O proj,2048,4096,4096,SC T=128 (reference),0.9908,777.6,,,,,,
util,4x4,,,,,,,,prefill S=2048 O proj,2048,4096,4096,BOS INT8 x16,0.9947,1611.9,,,,,,
util,4x4,,,,,,,,prefill S=2048 FFN gate+up,2048,22016,4096,WO-ring (in-composite area),0.9706,758.5,,,,,,
util,4x4,,,,,,,,prefill S=2048 FFN gate+up,2048,22016,4096,WO-ring (all-in area),0.9706,743.0,,,,,,
util,4x4,,,,,,,,prefill S=2048 FFN gate+up,2048,22016,4096,"CNSB (all-in, its own estimate)",0.9309,717.6,,,,,,
util,4x4,,,,,,,,prefill S=2048 FFN gate+up,2048,22016,4096,BP-HW-ring (its own estimate),1.4629,1131.0,,,,,,
util,4x4,,,,,,,,prefill S=2048 FFN gate+up,2048,22016,4096,SC T=128 (reference),0.9908,777.6,,,,,,
util,4x4,,,,,,,,prefill S=2048 FFN gate+up,2048,22016,4096,BOS INT8 x16,0.9947,1611.9,,,,,,
util,4x4,,,,,,,,prefill S=2048 FFN down,2048,4096,11008,WO-ring (in-composite area),0.9773,763.7,,,,,,
util,4x4,,,,,,,,prefill S=2048 FFN down,2048,4096,11008,WO-ring (all-in area),0.9773,748.1,,,,,,
util,4x4,,,,,,,,prefill S=2048 FFN down,2048,4096,11008,"CNSB (all-in, its own estimate)",0.9731,750.2,,,,,,
util,4x4,,,,,,,,prefill S=2048 FFN down,2048,4096,11008,BP-HW-ring (its own estimate),1.7596,1360.4,,,,,,
util,4x4,,,,,,,,prefill S=2048 FFN down,2048,4096,11008,SC T=128 (reference),0.9966,782.1,,,,,,
util,4x4,,,,,,,,prefill S=2048 FFN down,2048,4096,11008,BOS INT8 x16,0.998,1617.3,,,,,,
util,4x4,,,,,,,,prefill S=2048 QK^T hd128,2048,2048,128,WO-ring (in-composite area),0.6214,485.5,,,,,,
util,4x4,,,,,,,,prefill S=2048 QK^T hd128,2048,2048,128,WO-ring (all-in area),0.6214,475.6,,,,,,
util,4x4,,,,,,,,prefill S=2048 QK^T hd128,2048,2048,128,"CNSB (all-in, its own estimate)",0.2963,228.4,,,,,,
util,4x4,,,,,,,,prefill S=2048 QK^T hd128,2048,2048,128,BP-HW-ring (its own estimate),0.1569,121.3,,,,,,
util,4x4,,,,,,,,prefill S=2048 QK^T hd128,2048,2048,128,SC T=128 (reference),0.7711,605.2,,,,,,
util,4x4,,,,,,,,prefill S=2048 QK^T hd128,2048,2048,128,BOS INT8 x16,0.8533,1382.8,,,,,,
util,4x4,,,,,,,,prefill S=2048 QK^T hd64,2048,2048,64,WO-ring (in-composite area),0.4507,352.2,,,,,,
util,4x4,,,,,,,,prefill S=2048 QK^T hd64,2048,2048,64,WO-ring (all-in area),0.4507,345.0,,,,,,
util,4x4,,,,,,,,prefill S=2048 QK^T hd64,2048,2048,64,"CNSB (all-in, its own estimate)",0.1739,134.1,,,,,,
util,4x4,,,,,,,,prefill S=2048 QK^T hd64,2048,2048,64,BP-HW-ring (its own estimate),0.0784,60.6,,,,,,
util,4x4,,,,,,,,prefill S=2048 QK^T hd64,2048,2048,64,SC T=128 (reference),0.6275,492.4,,,,,,
util,4x4,,,,,,,,prefill S=2048 QK^T hd64,2048,2048,64,BOS INT8 x16,0.7442,1206.0,,,,,,
util,4x4,,,,,,,,prefill S=2048 SV hd128,2048,128,2048,WO-ring (in-composite area),0.9429,736.8,,,,,,
util,4x4,,,,,,,,prefill S=2048 SV hd128,2048,128,2048,WO-ring (all-in area),0.9429,721.8,,,,,,
util,4x4,,,,,,,,prefill S=2048 SV hd128,2048,128,2048,"CNSB (all-in, its own estimate)",0.8707,671.2,,,,,,
util,4x4,,,,,,,,prefill S=2048 SV hd128,2048,128,2048,BP-HW-ring (its own estimate),1.1532,891.6,,,,,,
util,4x4,,,,,,,,prefill S=2048 SV hd128,2048,128,2048,SC T=128 (reference),0.9818,770.5,,,,,,
util,4x4,,,,,,,,prefill S=2048 SV hd128,2048,128,2048,BOS INT8 x16,0.9894,1603.3,,,,,,
util,4x4,,,,,,,,prefill S=4096 QKV proj,4096,12288,4096,WO-ring (in-composite area),0.9706,758.5,,,,,,
util,4x4,,,,,,,,prefill S=4096 QKV proj,4096,12288,4096,WO-ring (all-in area),0.9706,743.0,,,,,,
util,4x4,,,,,,,,prefill S=4096 QKV proj,4096,12288,4096,"CNSB (all-in, its own estimate)",0.9309,717.6,,,,,,
util,4x4,,,,,,,,prefill S=4096 QKV proj,4096,12288,4096,BP-HW-ring (its own estimate),1.4629,1131.0,,,,,,
util,4x4,,,,,,,,prefill S=4096 QKV proj,4096,12288,4096,SC T=128 (reference),0.9908,777.6,,,,,,
util,4x4,,,,,,,,prefill S=4096 QKV proj,4096,12288,4096,BOS INT8 x16,0.9947,1611.9,,,,,,
util,4x4,,,,,,,,prefill S=4096 O proj,4096,4096,4096,WO-ring (in-composite area),0.9706,758.5,,,,,,
util,4x4,,,,,,,,prefill S=4096 O proj,4096,4096,4096,WO-ring (all-in area),0.9706,743.0,,,,,,
util,4x4,,,,,,,,prefill S=4096 O proj,4096,4096,4096,"CNSB (all-in, its own estimate)",0.9309,717.6,,,,,,
util,4x4,,,,,,,,prefill S=4096 O proj,4096,4096,4096,BP-HW-ring (its own estimate),1.4629,1131.0,,,,,,
util,4x4,,,,,,,,prefill S=4096 O proj,4096,4096,4096,SC T=128 (reference),0.9908,777.6,,,,,,
util,4x4,,,,,,,,prefill S=4096 O proj,4096,4096,4096,BOS INT8 x16,0.9947,1611.9,,,,,,
util,4x4,,,,,,,,prefill S=4096 FFN gate+up,4096,22016,4096,WO-ring (in-composite area),0.9706,758.5,,,,,,
util,4x4,,,,,,,,prefill S=4096 FFN gate+up,4096,22016,4096,WO-ring (all-in area),0.9706,743.0,,,,,,
util,4x4,,,,,,,,prefill S=4096 FFN gate+up,4096,22016,4096,"CNSB (all-in, its own estimate)",0.9309,717.6,,,,,,
util,4x4,,,,,,,,prefill S=4096 FFN gate+up,4096,22016,4096,BP-HW-ring (its own estimate),1.4629,1131.0,,,,,,
util,4x4,,,,,,,,prefill S=4096 FFN gate+up,4096,22016,4096,SC T=128 (reference),0.9908,777.6,,,,,,
util,4x4,,,,,,,,prefill S=4096 FFN gate+up,4096,22016,4096,BOS INT8 x16,0.9947,1611.9,,,,,,
util,4x4,,,,,,,,prefill S=4096 FFN down,4096,4096,11008,WO-ring (in-composite area),0.9773,763.7,,,,,,
util,4x4,,,,,,,,prefill S=4096 FFN down,4096,4096,11008,WO-ring (all-in area),0.9773,748.1,,,,,,
util,4x4,,,,,,,,prefill S=4096 FFN down,4096,4096,11008,"CNSB (all-in, its own estimate)",0.9731,750.2,,,,,,
util,4x4,,,,,,,,prefill S=4096 FFN down,4096,4096,11008,BP-HW-ring (its own estimate),1.7596,1360.4,,,,,,
util,4x4,,,,,,,,prefill S=4096 FFN down,4096,4096,11008,SC T=128 (reference),0.9966,782.1,,,,,,
util,4x4,,,,,,,,prefill S=4096 FFN down,4096,4096,11008,BOS INT8 x16,0.998,1617.3,,,,,,
util,4x4,,,,,,,,prefill S=4096 QK^T hd128,4096,4096,128,WO-ring (in-composite area),0.6214,485.5,,,,,,
util,4x4,,,,,,,,prefill S=4096 QK^T hd128,4096,4096,128,WO-ring (all-in area),0.6214,475.6,,,,,,
util,4x4,,,,,,,,prefill S=4096 QK^T hd128,4096,4096,128,"CNSB (all-in, its own estimate)",0.2963,228.4,,,,,,
util,4x4,,,,,,,,prefill S=4096 QK^T hd128,4096,4096,128,BP-HW-ring (its own estimate),0.1569,121.3,,,,,,
util,4x4,,,,,,,,prefill S=4096 QK^T hd128,4096,4096,128,SC T=128 (reference),0.7711,605.2,,,,,,
util,4x4,,,,,,,,prefill S=4096 QK^T hd128,4096,4096,128,BOS INT8 x16,0.8533,1382.8,,,,,,
util,4x4,,,,,,,,prefill S=4096 QK^T hd64,4096,4096,64,WO-ring (in-composite area),0.4507,352.2,,,,,,
util,4x4,,,,,,,,prefill S=4096 QK^T hd64,4096,4096,64,WO-ring (all-in area),0.4507,345.0,,,,,,
util,4x4,,,,,,,,prefill S=4096 QK^T hd64,4096,4096,64,"CNSB (all-in, its own estimate)",0.1739,134.1,,,,,,
util,4x4,,,,,,,,prefill S=4096 QK^T hd64,4096,4096,64,BP-HW-ring (its own estimate),0.0784,60.6,,,,,,
util,4x4,,,,,,,,prefill S=4096 QK^T hd64,4096,4096,64,SC T=128 (reference),0.6275,492.4,,,,,,
util,4x4,,,,,,,,prefill S=4096 QK^T hd64,4096,4096,64,BOS INT8 x16,0.7442,1206.0,,,,,,
util,4x4,,,,,,,,prefill S=4096 SV hd128,4096,128,4096,WO-ring (in-composite area),0.9706,758.5,,,,,,
util,4x4,,,,,,,,prefill S=4096 SV hd128,4096,128,4096,WO-ring (all-in area),0.9706,743.0,,,,,,
util,4x4,,,,,,,,prefill S=4096 SV hd128,4096,128,4096,"CNSB (all-in, its own estimate)",0.9309,717.6,,,,,,
util,4x4,,,,,,,,prefill S=4096 SV hd128,4096,128,4096,BP-HW-ring (its own estimate),1.4629,1131.0,,,,,,
util,4x4,,,,,,,,prefill S=4096 SV hd128,4096,128,4096,SC T=128 (reference),0.9908,777.6,,,,,,
util,4x4,,,,,,,,prefill S=4096 SV hd128,4096,128,4096,BOS INT8 x16,0.9947,1611.9,,,,,,
util,4x4,,,,,,,,decode B=1 FFN gate+up,1,22016,4096,WO-ring (in-composite area),0.0607,47.4,,,,,,
util,4x4,,,,,,,,decode B=1 FFN gate+up,1,22016,4096,WO-ring (all-in area),0.0607,46.4,,,,,,
util,4x4,,,,,,,,decode B=1 FFN gate+up,1,22016,4096,"CNSB (all-in, its own estimate)",0.1164,89.7,,,,,,
util,4x4,,,,,,,,decode B=1 FFN gate+up,1,22016,4096,BP-HW-ring (its own estimate),0.3657,282.8,,,,,,
util,4x4,,,,,,,,decode B=1 FFN gate+up,1,22016,4096,SC T=128 (reference),0.031,24.3,,,,,,
util,4x4,,,,,,,,decode B=1 FFN gate+up,1,22016,4096,BOS INT8 x16,0.1243,201.5,,,,,,
util,4x4,,,,,,,,decode B=1 FFN down,1,4096,11008,WO-ring (in-composite area),0.0611,47.7,,,,,,
util,4x4,,,,,,,,decode B=1 FFN down,1,4096,11008,WO-ring (all-in area),0.0611,46.8,,,,,,
util,4x4,,,,,,,,decode B=1 FFN down,1,4096,11008,"CNSB (all-in, its own estimate)",0.1216,93.8,,,,,,
util,4x4,,,,,,,,decode B=1 FFN down,1,4096,11008,BP-HW-ring (its own estimate),0.4399,340.1,,,,,,
util,4x4,,,,,,,,decode B=1 FFN down,1,4096,11008,SC T=128 (reference),0.0311,24.4,,,,,,
util,4x4,,,,,,,,decode B=1 FFN down,1,4096,11008,BOS INT8 x16,0.1248,202.2,,,,,,
util,4x4,,,,,,,,decode B=8 FFN gate+up,8,22016,4096,WO-ring (in-composite area),0.4853,379.2,,,,,,
util,4x4,,,,,,,,decode B=8 FFN gate+up,8,22016,4096,WO-ring (all-in area),0.4853,371.5,,,,,,
util,4x4,,,,,,,,decode B=8 FFN gate+up,8,22016,4096,"CNSB (all-in, its own estimate)",0.9309,717.6,,,,,,
util,4x4,,,,,,,,decode B=8 FFN gate+up,8,22016,4096,BP-HW-ring (its own estimate),1.4629,1131.0,,,,,,
util,4x4,,,,,,,,decode B=8 FFN gate+up,8,22016,4096,SC T=128 (reference),0.2477,194.4,,,,,,
util,4x4,,,,,,,,decode B=8 FFN gate+up,8,22016,4096,BOS INT8 x16,0.9947,1611.9,,,,,,
util,4x4,,,,,,,,decode B=8 FFN down,8,4096,11008,WO-ring (in-composite area),0.4886,381.8,,,,,,
util,4x4,,,,,,,,decode B=8 FFN down,8,4096,11008,WO-ring (all-in area),0.4886,374.0,,,,,,
util,4x4,,,,,,,,decode B=8 FFN down,8,4096,11008,"CNSB (all-in, its own estimate)",0.9731,750.2,,,,,,
util,4x4,,,,,,,,decode B=8 FFN down,8,4096,11008,BP-HW-ring (its own estimate),1.7596,1360.4,,,,,,
util,4x4,,,,,,,,decode B=8 FFN down,8,4096,11008,SC T=128 (reference),0.2491,195.5,,,,,,
util,4x4,,,,,,,,decode B=8 FFN down,8,4096,11008,BOS INT8 x16,0.998,1617.3,,,,,,
util,4x4,,,,,,,,decode B=32 FFN gate+up,32,22016,4096,WO-ring (in-composite area),0.9706,758.5,,,,,,
util,4x4,,,,,,,,decode B=32 FFN gate+up,32,22016,4096,WO-ring (all-in area),0.9706,743.0,,,,,,
util,4x4,,,,,,,,decode B=32 FFN gate+up,32,22016,4096,"CNSB (all-in, its own estimate)",0.9309,717.6,,,,,,
util,4x4,,,,,,,,decode B=32 FFN gate+up,32,22016,4096,BP-HW-ring (its own estimate),1.4629,1131.0,,,,,,
util,4x4,,,,,,,,decode B=32 FFN gate+up,32,22016,4096,SC T=128 (reference),0.9908,777.6,,,,,,
util,4x4,,,,,,,,decode B=32 FFN gate+up,32,22016,4096,BOS INT8 x16,0.9947,1611.9,,,,,,
util,4x4,,,,,,,,decode B=32 FFN down,32,4096,11008,WO-ring (in-composite area),0.9773,763.7,,,,,,
util,4x4,,,,,,,,decode B=32 FFN down,32,4096,11008,WO-ring (all-in area),0.9773,748.1,,,,,,
util,4x4,,,,,,,,decode B=32 FFN down,32,4096,11008,"CNSB (all-in, its own estimate)",0.9731,750.2,,,,,,
util,4x4,,,,,,,,decode B=32 FFN down,32,4096,11008,BP-HW-ring (its own estimate),1.7596,1360.4,,,,,,
util,4x4,,,,,,,,decode B=32 FFN down,32,4096,11008,SC T=128 (reference),0.9966,782.1,,,,,,
util,4x4,,,,,,,,decode B=32 FFN down,32,4096,11008,BOS INT8 x16,0.998,1617.3,,,,,,
util,4x4,,,,,,,,"decode ctx=512 QK^T hd128 (per seq,head)",1,512,128,WO-ring (in-composite area),0.0317,24.8,,,,,,
util,4x4,,,,,,,,"decode ctx=512 QK^T hd128 (per seq,head)",1,512,128,WO-ring (all-in area),0.0317,24.3,,,,,,
util,4x4,,,,,,,,"decode ctx=512 QK^T hd128 (per seq,head)",1,512,128,"CNSB (all-in, its own estimate)",0.037,28.6,,,,,,
util,4x4,,,,,,,,"decode ctx=512 QK^T hd128 (per seq,head)",1,512,128,BP-HW-ring (its own estimate),0.0392,30.3,,,,,,
util,4x4,,,,,,,,"decode ctx=512 QK^T hd128 (per seq,head)",1,512,128,SC T=128 (reference),0.0241,18.9,,,,,,
util,4x4,,,,,,,,"decode ctx=512 QK^T hd128 (per seq,head)",1,512,128,BOS INT8 x16,0.1067,172.9,,,,,,
util,4x4,,,,,,,,"decode ctx=512 SV hd128 (per seq,head)",1,128,512,WO-ring (in-composite area),0.0503,39.3,,,,,,
util,4x4,,,,,,,,"decode ctx=512 SV hd128 (per seq,head)",1,128,512,WO-ring (all-in area),0.0503,38.5,,,,,,
util,4x4,,,,,,,,"decode ctx=512 SV hd128 (per seq,head)",1,128,512,"CNSB (all-in, its own estimate)",0.0784,60.5,,,,,,
util,4x4,,,,,,,,"decode ctx=512 SV hd128 (per seq,head)",1,128,512,BP-HW-ring (its own estimate),0.127,98.2,,,,,,
util,4x4,,,,,,,,"decode ctx=512 SV hd128 (per seq,head)",1,128,512,SC T=128 (reference),0.0291,22.8,,,,,,
util,4x4,,,,,,,,"decode ctx=512 SV hd128 (per seq,head)",1,128,512,BOS INT8 x16,0.1199,194.2,,,,,,
util,4x4,,,,,,,,"decode ctx=4096 QK^T hd128 (per seq,head)",1,4096,128,WO-ring (in-composite area),0.0317,24.8,,,,,,
util,4x4,,,,,,,,"decode ctx=4096 QK^T hd128 (per seq,head)",1,4096,128,WO-ring (all-in area),0.0317,24.3,,,,,,
util,4x4,,,,,,,,"decode ctx=4096 QK^T hd128 (per seq,head)",1,4096,128,"CNSB (all-in, its own estimate)",0.037,28.6,,,,,,
util,4x4,,,,,,,,"decode ctx=4096 QK^T hd128 (per seq,head)",1,4096,128,BP-HW-ring (its own estimate),0.0392,30.3,,,,,,
util,4x4,,,,,,,,"decode ctx=4096 QK^T hd128 (per seq,head)",1,4096,128,SC T=128 (reference),0.0241,18.9,,,,,,
util,4x4,,,,,,,,"decode ctx=4096 QK^T hd128 (per seq,head)",1,4096,128,BOS INT8 x16,0.1067,172.9,,,,,,
util,4x4,,,,,,,,"decode ctx=4096 SV hd128 (per seq,head)",1,128,4096,WO-ring (in-composite area),0.0607,47.4,,,,,,
util,4x4,,,,,,,,"decode ctx=4096 SV hd128 (per seq,head)",1,128,4096,WO-ring (all-in area),0.0607,46.4,,,,,,
util,4x4,,,,,,,,"decode ctx=4096 SV hd128 (per seq,head)",1,128,4096,"CNSB (all-in, its own estimate)",0.1164,89.7,,,,,,
util,4x4,,,,,,,,"decode ctx=4096 SV hd128 (per seq,head)",1,128,4096,BP-HW-ring (its own estimate),0.3657,282.8,,,,,,
util,4x4,,,,,,,,"decode ctx=4096 SV hd128 (per seq,head)",1,128,4096,SC T=128 (reference),0.031,24.3,,,,,,
util,4x4,,,,,,,,"decode ctx=4096 SV hd128 (per seq,head)",1,128,4096,BOS INT8 x16,0.1243,201.5,,,,,,
util,4x8,,,,,,,,prefill S=512 QKV proj,512,12288,4096,WO-ring (in-composite area),0.9543,766.1,,,,,,
util,4x8,,,,,,,,prefill S=512 QKV proj,512,12288,4096,WO-ring (all-in area),0.9543,754.3,,,,,,
util,4x8,,,,,,,,prefill S=512 QKV proj,512,12288,4096,"CNSB (all-in, its own estimate)",0.8737,696.4,,,,,,
util,4x8,,,,,,,,prefill S=512 QKV proj,512,12288,4096,BP-HW-ring (its own estimate),1.3264,1056.9,,,,,,
util,4x8,,,,,,,,prefill S=512 QKV proj,512,12288,4096,SC T=128 (reference),0.9823,792.0,,,,,,
util,4x8,,,,,,,,prefill S=512 QKV proj,512,12288,4096,BOS INT8 x32,0.9947,1611.9,,,,,,
util,4x8,,,,,,,,prefill S=512 O proj,512,4096,4096,WO-ring (in-composite area),0.9543,766.1,,,,,,
util,4x8,,,,,,,,prefill S=512 O proj,512,4096,4096,WO-ring (all-in area),0.9543,754.3,,,,,,
util,4x8,,,,,,,,prefill S=512 O proj,512,4096,4096,"CNSB (all-in, its own estimate)",0.8737,696.4,,,,,,
util,4x8,,,,,,,,prefill S=512 O proj,512,4096,4096,BP-HW-ring (its own estimate),1.3264,1056.9,,,,,,
util,4x8,,,,,,,,prefill S=512 O proj,512,4096,4096,SC T=128 (reference),0.9823,792.0,,,,,,
util,4x8,,,,,,,,prefill S=512 O proj,512,4096,4096,BOS INT8 x32,0.9947,1611.9,,,,,,
util,4x8,,,,,,,,prefill S=512 FFN gate+up,512,22016,4096,WO-ring (in-composite area),0.9543,766.1,,,,,,
util,4x8,,,,,,,,prefill S=512 FFN gate+up,512,22016,4096,WO-ring (all-in area),0.9543,754.3,,,,,,
util,4x8,,,,,,,,prefill S=512 FFN gate+up,512,22016,4096,"CNSB (all-in, its own estimate)",0.8737,696.4,,,,,,
util,4x8,,,,,,,,prefill S=512 FFN gate+up,512,22016,4096,BP-HW-ring (its own estimate),1.3264,1056.9,,,,,,
util,4x8,,,,,,,,prefill S=512 FFN gate+up,512,22016,4096,SC T=128 (reference),0.9823,792.0,,,,,,
util,4x8,,,,,,,,prefill S=512 FFN gate+up,512,22016,4096,BOS INT8 x32,0.9947,1611.9,,,,,,
util,4x8,,,,,,,,prefill S=512 FFN down,512,4096,11008,WO-ring (in-composite area),0.9649,774.6,,,,,,
util,4x8,,,,,,,,prefill S=512 FFN down,512,4096,11008,WO-ring (all-in area),0.9649,762.6,,,,,,
util,4x8,,,,,,,,prefill S=512 FFN down,512,4096,11008,"CNSB (all-in, its own estimate)",0.949,756.4,,,,,,
util,4x8,,,,,,,,prefill S=512 FFN down,512,4096,11008,BP-HW-ring (its own estimate),1.6822,1340.3,,,,,,
util,4x8,,,,,,,,prefill S=512 FFN down,512,4096,11008,SC T=128 (reference),0.9933,800.9,,,,,,
util,4x8,,,,,,,,prefill S=512 FFN down,512,4096,11008,BOS INT8 x32,0.998,1617.3,,,,,,
util,4x8,,,,,,,,prefill S=512 QK^T hd128,512,512,128,WO-ring (in-composite area),0.5289,424.6,,,,,,
util,4x8,,,,,,,,prefill S=512 QK^T hd128,512,512,128,WO-ring (all-in area),0.5289,418.0,,,,,,
util,4x8,,,,,,,,prefill S=512 QK^T hd128,512,512,128,"CNSB (all-in, its own estimate)",0.1778,141.7,,,,,,
util,4x8,,,,,,,,prefill S=512 QK^T hd128,512,512,128,BP-HW-ring (its own estimate),0.1159,92.4,,,,,,
util,4x8,,,,,,,,prefill S=512 QK^T hd128,512,512,128,SC T=128 (reference),0.6337,510.9,,,,,,
util,4x8,,,,,,,,prefill S=512 QK^T hd128,512,512,128,BOS INT8 x32,0.8533,1382.8,,,,,,
util,4x8,,,,,,,,prefill S=512 QK^T hd64,512,512,64,WO-ring (in-composite area),0.3596,288.6,,,,,,
util,4x8,,,,,,,,prefill S=512 QK^T hd64,512,512,64,WO-ring (all-in area),0.3596,284.2,,,,,,
util,4x8,,,,,,,,prefill S=512 QK^T hd64,512,512,64,"CNSB (all-in, its own estimate)",0.0976,77.8,,,,,,
util,4x8,,,,,,,,prefill S=512 QK^T hd64,512,512,64,BP-HW-ring (its own estimate),0.058,46.2,,,,,,
util,4x8,,,,,,,,prefill S=512 QK^T hd64,512,512,64,SC T=128 (reference),0.4638,373.9,,,,,,
util,4x8,,,,,,,,prefill S=512 QK^T hd64,512,512,64,BOS INT8 x32,0.7442,1206.0,,,,,,
util,4x8,,,,,,,,prefill S=512 SV hd128,512,128,512,WO-ring (in-composite area),0.7232,580.5,,,,,,
util,4x8,,,,,,,,prefill S=512 SV hd128,512,128,512,WO-ring (all-in area),0.7232,571.6,,,,,,
util,4x8,,,,,,,,prefill S=512 SV hd128,512,128,512,"CNSB (all-in, its own estimate)",0.4638,369.7,,,,,,
util,4x8,,,,,,,,prefill S=512 SV hd128,512,128,512,BP-HW-ring (its own estimate),0.3951,314.8,,,,,,
util,4x8,,,,,,,,prefill S=512 SV hd128,512,128,512,SC T=128 (reference),0.8737,704.4,,,,,,
util,4x8,,,,,,,,prefill S=512 SV hd128,512,128,512,BOS INT8 x32,0.9588,1553.8,,,,,,
util,4x8,,,,,,,,prefill S=2048 QKV proj,2048,12288,4096,WO-ring (in-composite area),0.9543,766.1,,,,,,
util,4x8,,,,,,,,prefill S=2048 QKV proj,2048,12288,4096,WO-ring (all-in area),0.9543,754.3,,,,,,
util,4x8,,,,,,,,prefill S=2048 QKV proj,2048,12288,4096,"CNSB (all-in, its own estimate)",0.8737,696.4,,,,,,
util,4x8,,,,,,,,prefill S=2048 QKV proj,2048,12288,4096,BP-HW-ring (its own estimate),1.3264,1056.9,,,,,,
util,4x8,,,,,,,,prefill S=2048 QKV proj,2048,12288,4096,SC T=128 (reference),0.9823,792.0,,,,,,
util,4x8,,,,,,,,prefill S=2048 QKV proj,2048,12288,4096,BOS INT8 x32,0.9947,1611.9,,,,,,
util,4x8,,,,,,,,prefill S=2048 O proj,2048,4096,4096,WO-ring (in-composite area),0.9543,766.1,,,,,,
util,4x8,,,,,,,,prefill S=2048 O proj,2048,4096,4096,WO-ring (all-in area),0.9543,754.3,,,,,,
util,4x8,,,,,,,,prefill S=2048 O proj,2048,4096,4096,"CNSB (all-in, its own estimate)",0.8737,696.4,,,,,,
util,4x8,,,,,,,,prefill S=2048 O proj,2048,4096,4096,BP-HW-ring (its own estimate),1.3264,1056.9,,,,,,
util,4x8,,,,,,,,prefill S=2048 O proj,2048,4096,4096,SC T=128 (reference),0.9823,792.0,,,,,,
util,4x8,,,,,,,,prefill S=2048 O proj,2048,4096,4096,BOS INT8 x32,0.9947,1611.9,,,,,,
util,4x8,,,,,,,,prefill S=2048 FFN gate+up,2048,22016,4096,WO-ring (in-composite area),0.9543,766.1,,,,,,
util,4x8,,,,,,,,prefill S=2048 FFN gate+up,2048,22016,4096,WO-ring (all-in area),0.9543,754.3,,,,,,
util,4x8,,,,,,,,prefill S=2048 FFN gate+up,2048,22016,4096,"CNSB (all-in, its own estimate)",0.8737,696.4,,,,,,
util,4x8,,,,,,,,prefill S=2048 FFN gate+up,2048,22016,4096,BP-HW-ring (its own estimate),1.3264,1056.9,,,,,,
util,4x8,,,,,,,,prefill S=2048 FFN gate+up,2048,22016,4096,SC T=128 (reference),0.9823,792.0,,,,,,
util,4x8,,,,,,,,prefill S=2048 FFN gate+up,2048,22016,4096,BOS INT8 x32,0.9947,1611.9,,,,,,
util,4x8,,,,,,,,prefill S=2048 FFN down,2048,4096,11008,WO-ring (in-composite area),0.9649,774.6,,,,,,
util,4x8,,,,,,,,prefill S=2048 FFN down,2048,4096,11008,WO-ring (all-in area),0.9649,762.6,,,,,,
util,4x8,,,,,,,,prefill S=2048 FFN down,2048,4096,11008,"CNSB (all-in, its own estimate)",0.949,756.4,,,,,,
util,4x8,,,,,,,,prefill S=2048 FFN down,2048,4096,11008,BP-HW-ring (its own estimate),1.6822,1340.3,,,,,,
util,4x8,,,,,,,,prefill S=2048 FFN down,2048,4096,11008,SC T=128 (reference),0.9933,800.9,,,,,,
util,4x8,,,,,,,,prefill S=2048 FFN down,2048,4096,11008,BOS INT8 x32,0.998,1617.3,,,,,,
util,4x8,,,,,,,,prefill S=2048 QK^T hd128,2048,2048,128,WO-ring (in-composite area),0.5289,424.6,,,,,,
util,4x8,,,,,,,,prefill S=2048 QK^T hd128,2048,2048,128,WO-ring (all-in area),0.5289,418.0,,,,,,
util,4x8,,,,,,,,prefill S=2048 QK^T hd128,2048,2048,128,"CNSB (all-in, its own estimate)",0.1778,141.7,,,,,,
util,4x8,,,,,,,,prefill S=2048 QK^T hd128,2048,2048,128,BP-HW-ring (its own estimate),0.1159,92.4,,,,,,
util,4x8,,,,,,,,prefill S=2048 QK^T hd128,2048,2048,128,SC T=128 (reference),0.6337,510.9,,,,,,
util,4x8,,,,,,,,prefill S=2048 QK^T hd128,2048,2048,128,BOS INT8 x32,0.8533,1382.8,,,,,,
util,4x8,,,,,,,,prefill S=2048 QK^T hd64,2048,2048,64,WO-ring (in-composite area),0.3596,288.6,,,,,,
util,4x8,,,,,,,,prefill S=2048 QK^T hd64,2048,2048,64,WO-ring (all-in area),0.3596,284.2,,,,,,
util,4x8,,,,,,,,prefill S=2048 QK^T hd64,2048,2048,64,"CNSB (all-in, its own estimate)",0.0976,77.8,,,,,,
util,4x8,,,,,,,,prefill S=2048 QK^T hd64,2048,2048,64,BP-HW-ring (its own estimate),0.058,46.2,,,,,,
util,4x8,,,,,,,,prefill S=2048 QK^T hd64,2048,2048,64,SC T=128 (reference),0.4638,373.9,,,,,,
util,4x8,,,,,,,,prefill S=2048 QK^T hd64,2048,2048,64,BOS INT8 x32,0.7442,1206.0,,,,,,
util,4x8,,,,,,,,prefill S=2048 SV hd128,2048,128,2048,WO-ring (in-composite area),0.9127,732.6,,,,,,
util,4x8,,,,,,,,prefill S=2048 SV hd128,2048,128,2048,WO-ring (all-in area),0.9127,721.3,,,,,,
util,4x8,,,,,,,,prefill S=2048 SV hd128,2048,128,2048,"CNSB (all-in, its own estimate)",0.7758,618.4,,,,,,
util,4x8,,,,,,,,prefill S=2048 SV hd128,2048,128,2048,BP-HW-ring (its own estimate),0.9922,790.6,,,,,,
util,4x8,,,,,,,,prefill S=2048 SV hd128,2048,128,2048,SC T=128 (reference),0.9651,778.1,,,,,,
util,4x8,,,,,,,,prefill S=2048 SV hd128,2048,128,2048,BOS INT8 x32,0.9894,1603.3,,,,,,
util,4x8,,,,,,,,prefill S=4096 QKV proj,4096,12288,4096,WO-ring (in-composite area),0.9543,766.1,,,,,,
util,4x8,,,,,,,,prefill S=4096 QKV proj,4096,12288,4096,WO-ring (all-in area),0.9543,754.3,,,,,,
util,4x8,,,,,,,,prefill S=4096 QKV proj,4096,12288,4096,"CNSB (all-in, its own estimate)",0.8737,696.4,,,,,,
util,4x8,,,,,,,,prefill S=4096 QKV proj,4096,12288,4096,BP-HW-ring (its own estimate),1.3264,1056.9,,,,,,
util,4x8,,,,,,,,prefill S=4096 QKV proj,4096,12288,4096,SC T=128 (reference),0.9823,792.0,,,,,,
util,4x8,,,,,,,,prefill S=4096 QKV proj,4096,12288,4096,BOS INT8 x32,0.9947,1611.9,,,,,,
util,4x8,,,,,,,,prefill S=4096 O proj,4096,4096,4096,WO-ring (in-composite area),0.9543,766.1,,,,,,
util,4x8,,,,,,,,prefill S=4096 O proj,4096,4096,4096,WO-ring (all-in area),0.9543,754.3,,,,,,
util,4x8,,,,,,,,prefill S=4096 O proj,4096,4096,4096,"CNSB (all-in, its own estimate)",0.8737,696.4,,,,,,
util,4x8,,,,,,,,prefill S=4096 O proj,4096,4096,4096,BP-HW-ring (its own estimate),1.3264,1056.9,,,,,,
util,4x8,,,,,,,,prefill S=4096 O proj,4096,4096,4096,SC T=128 (reference),0.9823,792.0,,,,,,
util,4x8,,,,,,,,prefill S=4096 O proj,4096,4096,4096,BOS INT8 x32,0.9947,1611.9,,,,,,
util,4x8,,,,,,,,prefill S=4096 FFN gate+up,4096,22016,4096,WO-ring (in-composite area),0.9543,766.1,,,,,,
util,4x8,,,,,,,,prefill S=4096 FFN gate+up,4096,22016,4096,WO-ring (all-in area),0.9543,754.3,,,,,,
util,4x8,,,,,,,,prefill S=4096 FFN gate+up,4096,22016,4096,"CNSB (all-in, its own estimate)",0.8737,696.4,,,,,,
util,4x8,,,,,,,,prefill S=4096 FFN gate+up,4096,22016,4096,BP-HW-ring (its own estimate),1.3264,1056.9,,,,,,
util,4x8,,,,,,,,prefill S=4096 FFN gate+up,4096,22016,4096,SC T=128 (reference),0.9823,792.0,,,,,,
util,4x8,,,,,,,,prefill S=4096 FFN gate+up,4096,22016,4096,BOS INT8 x32,0.9947,1611.9,,,,,,
util,4x8,,,,,,,,prefill S=4096 FFN down,4096,4096,11008,WO-ring (in-composite area),0.9649,774.6,,,,,,
util,4x8,,,,,,,,prefill S=4096 FFN down,4096,4096,11008,WO-ring (all-in area),0.9649,762.6,,,,,,
util,4x8,,,,,,,,prefill S=4096 FFN down,4096,4096,11008,"CNSB (all-in, its own estimate)",0.949,756.4,,,,,,
util,4x8,,,,,,,,prefill S=4096 FFN down,4096,4096,11008,BP-HW-ring (its own estimate),1.6822,1340.3,,,,,,
util,4x8,,,,,,,,prefill S=4096 FFN down,4096,4096,11008,SC T=128 (reference),0.9933,800.9,,,,,,
util,4x8,,,,,,,,prefill S=4096 FFN down,4096,4096,11008,BOS INT8 x32,0.998,1617.3,,,,,,
util,4x8,,,,,,,,prefill S=4096 QK^T hd128,4096,4096,128,WO-ring (in-composite area),0.5289,424.6,,,,,,
util,4x8,,,,,,,,prefill S=4096 QK^T hd128,4096,4096,128,WO-ring (all-in area),0.5289,418.0,,,,,,
util,4x8,,,,,,,,prefill S=4096 QK^T hd128,4096,4096,128,"CNSB (all-in, its own estimate)",0.1778,141.7,,,,,,
util,4x8,,,,,,,,prefill S=4096 QK^T hd128,4096,4096,128,BP-HW-ring (its own estimate),0.1159,92.4,,,,,,
util,4x8,,,,,,,,prefill S=4096 QK^T hd128,4096,4096,128,SC T=128 (reference),0.6337,510.9,,,,,,
util,4x8,,,,,,,,prefill S=4096 QK^T hd128,4096,4096,128,BOS INT8 x32,0.8533,1382.8,,,,,,
util,4x8,,,,,,,,prefill S=4096 QK^T hd64,4096,4096,64,WO-ring (in-composite area),0.3596,288.6,,,,,,
util,4x8,,,,,,,,prefill S=4096 QK^T hd64,4096,4096,64,WO-ring (all-in area),0.3596,284.2,,,,,,
util,4x8,,,,,,,,prefill S=4096 QK^T hd64,4096,4096,64,"CNSB (all-in, its own estimate)",0.0976,77.8,,,,,,
util,4x8,,,,,,,,prefill S=4096 QK^T hd64,4096,4096,64,BP-HW-ring (its own estimate),0.058,46.2,,,,,,
util,4x8,,,,,,,,prefill S=4096 QK^T hd64,4096,4096,64,SC T=128 (reference),0.4638,373.9,,,,,,
util,4x8,,,,,,,,prefill S=4096 QK^T hd64,4096,4096,64,BOS INT8 x32,0.7442,1206.0,,,,,,
util,4x8,,,,,,,,prefill S=4096 SV hd128,4096,128,4096,WO-ring (in-composite area),0.9543,766.1,,,,,,
util,4x8,,,,,,,,prefill S=4096 SV hd128,4096,128,4096,WO-ring (all-in area),0.9543,754.3,,,,,,
util,4x8,,,,,,,,prefill S=4096 SV hd128,4096,128,4096,"CNSB (all-in, its own estimate)",0.8737,696.4,,,,,,
util,4x8,,,,,,,,prefill S=4096 SV hd128,4096,128,4096,BP-HW-ring (its own estimate),1.3264,1056.9,,,,,,
util,4x8,,,,,,,,prefill S=4096 SV hd128,4096,128,4096,SC T=128 (reference),0.9823,792.0,,,,,,
util,4x8,,,,,,,,prefill S=4096 SV hd128,4096,128,4096,BOS INT8 x32,0.9947,1611.9,,,,,,
util,4x8,,,,,,,,decode B=1 FFN gate+up,1,22016,4096,WO-ring (in-composite area),0.0298,23.9,,,,,,
util,4x8,,,,,,,,decode B=1 FFN gate+up,1,22016,4096,WO-ring (all-in area),0.0298,23.6,,,,,,
util,4x8,,,,,,,,decode B=1 FFN gate+up,1,22016,4096,"CNSB (all-in, its own estimate)",0.1092,87.1,,,,,,
util,4x8,,,,,,,,decode B=1 FFN gate+up,1,22016,4096,BP-HW-ring (its own estimate),0.3316,264.2,,,,,,
util,4x8,,,,,,,,decode B=1 FFN gate+up,1,22016,4096,SC T=128 (reference),0.0307,24.7,,,,,,
util,4x8,,,,,,,,decode B=1 FFN gate+up,1,22016,4096,BOS INT8 x32,0.1243,201.5,,,,,,
util,4x8,,,,,,,,decode B=1 FFN down,1,4096,11008,WO-ring (in-composite area),0.0302,24.2,,,,,,
util,4x8,,,,,,,,decode B=1 FFN down,1,4096,11008,WO-ring (all-in area),0.0302,23.8,,,,,,
util,4x8,,,,,,,,decode B=1 FFN down,1,4096,11008,"CNSB (all-in, its own estimate)",0.1186,94.6,,,,,,
util,4x8,,,,,,,,decode B=1 FFN down,1,4096,11008,BP-HW-ring (its own estimate),0.4205,335.1,,,,,,
util,4x8,,,,,,,,decode B=1 FFN down,1,4096,11008,SC T=128 (reference),0.031,25.0,,,,,,
util,4x8,,,,,,,,decode B=1 FFN down,1,4096,11008,BOS INT8 x32,0.1248,202.2,,,,,,
util,4x8,,,,,,,,decode B=8 FFN gate+up,8,22016,4096,WO-ring (in-composite area),0.2386,191.5,,,,,,
util,4x8,,,,,,,,decode B=8 FFN gate+up,8,22016,4096,WO-ring (all-in area),0.2386,188.6,,,,,,
util,4x8,,,,,,,,decode B=8 FFN gate+up,8,22016,4096,"CNSB (all-in, its own estimate)",0.8737,696.4,,,,,,
util,4x8,,,,,,,,decode B=8 FFN gate+up,8,22016,4096,BP-HW-ring (its own estimate),1.3264,1056.9,,,,,,
util,4x8,,,,,,,,decode B=8 FFN gate+up,8,22016,4096,SC T=128 (reference),0.2456,198.0,,,,,,
util,4x8,,,,,,,,decode B=8 FFN gate+up,8,22016,4096,BOS INT8 x32,0.9947,1611.9,,,,,,
util,4x8,,,,,,,,decode B=8 FFN down,8,4096,11008,WO-ring (in-composite area),0.2412,193.6,,,,,,
util,4x8,,,,,,,,decode B=8 FFN down,8,4096,11008,WO-ring (all-in area),0.2412,190.7,,,,,,
util,4x8,,,,,,,,decode B=8 FFN down,8,4096,11008,"CNSB (all-in, its own estimate)",0.949,756.4,,,,,,
util,4x8,,,,,,,,decode B=8 FFN down,8,4096,11008,BP-HW-ring (its own estimate),1.6822,1340.3,,,,,,
util,4x8,,,,,,,,decode B=8 FFN down,8,4096,11008,SC T=128 (reference),0.2483,200.2,,,,,,
util,4x8,,,,,,,,decode B=8 FFN down,8,4096,11008,BOS INT8 x32,0.998,1617.3,,,,,,
util,4x8,,,,,,,,decode B=32 FFN gate+up,32,22016,4096,WO-ring (in-composite area),0.9543,766.1,,,,,,
util,4x8,,,,,,,,decode B=32 FFN gate+up,32,22016,4096,WO-ring (all-in area),0.9543,754.3,,,,,,
util,4x8,,,,,,,,decode B=32 FFN gate+up,32,22016,4096,"CNSB (all-in, its own estimate)",0.8737,696.4,,,,,,
util,4x8,,,,,,,,decode B=32 FFN gate+up,32,22016,4096,BP-HW-ring (its own estimate),1.3264,1056.9,,,,,,
util,4x8,,,,,,,,decode B=32 FFN gate+up,32,22016,4096,SC T=128 (reference),0.9823,792.0,,,,,,
util,4x8,,,,,,,,decode B=32 FFN gate+up,32,22016,4096,BOS INT8 x32,0.9947,1611.9,,,,,,
util,4x8,,,,,,,,decode B=32 FFN down,32,4096,11008,WO-ring (in-composite area),0.9649,774.6,,,,,,
util,4x8,,,,,,,,decode B=32 FFN down,32,4096,11008,WO-ring (all-in area),0.9649,762.6,,,,,,
util,4x8,,,,,,,,decode B=32 FFN down,32,4096,11008,"CNSB (all-in, its own estimate)",0.949,756.4,,,,,,
util,4x8,,,,,,,,decode B=32 FFN down,32,4096,11008,BP-HW-ring (its own estimate),1.6822,1340.3,,,,,,
util,4x8,,,,,,,,decode B=32 FFN down,32,4096,11008,SC T=128 (reference),0.9933,800.9,,,,,,
util,4x8,,,,,,,,decode B=32 FFN down,32,4096,11008,BOS INT8 x32,0.998,1617.3,,,,,,
util,4x8,,,,,,,,"decode ctx=512 QK^T hd128 (per seq,head)",1,512,128,WO-ring (in-composite area),0.0165,13.3,,,,,,
util,4x8,,,,,,,,"decode ctx=512 QK^T hd128 (per seq,head)",1,512,128,WO-ring (all-in area),0.0165,13.1,,,,,,
util,4x8,,,,,,,,"decode ctx=512 QK^T hd128 (per seq,head)",1,512,128,"CNSB (all-in, its own estimate)",0.0222,17.7,,,,,,
util,4x8,,,,,,,,"decode ctx=512 QK^T hd128 (per seq,head)",1,512,128,BP-HW-ring (its own estimate),0.029,23.1,,,,,,
util,4x8,,,,,,,,"decode ctx=512 QK^T hd128 (per seq,head)",1,512,128,SC T=128 (reference),0.0198,16.0,,,,,,
util,4x8,,,,,,,,"decode ctx=512 QK^T hd128 (per seq,head)",1,512,128,BOS INT8 x32,0.1067,172.9,,,,,,
util,4x8,,,,,,,,"decode ctx=512 SV hd128 (per seq,head)",1,128,512,WO-ring (in-composite area),0.0226,18.1,,,,,,
util,4x8,,,,,,,,"decode ctx=512 SV hd128 (per seq,head)",1,128,512,WO-ring (all-in area),0.0226,17.9,,,,,,
util,4x8,,,,,,,,"decode ctx=512 SV hd128 (per seq,head)",1,128,512,"CNSB (all-in, its own estimate)",0.058,46.2,,,,,,
util,4x8,,,,,,,,"decode ctx=512 SV hd128 (per seq,head)",1,128,512,BP-HW-ring (its own estimate),0.0988,78.7,,,,,,
util,4x8,,,,,,,,"decode ctx=512 SV hd128 (per seq,head)",1,128,512,SC T=128 (reference),0.0273,22.0,,,,,,
util,4x8,,,,,,,,"decode ctx=512 SV hd128 (per seq,head)",1,128,512,BOS INT8 x32,0.0599,97.1,,,,,,
util,4x8,,,,,,,,"decode ctx=4096 QK^T hd128 (per seq,head)",1,4096,128,WO-ring (in-composite area),0.0165,13.3,,,,,,
util,4x8,,,,,,,,"decode ctx=4096 QK^T hd128 (per seq,head)",1,4096,128,WO-ring (all-in area),0.0165,13.1,,,,,,
util,4x8,,,,,,,,"decode ctx=4096 QK^T hd128 (per seq,head)",1,4096,128,"CNSB (all-in, its own estimate)",0.0222,17.7,,,,,,
util,4x8,,,,,,,,"decode ctx=4096 QK^T hd128 (per seq,head)",1,4096,128,BP-HW-ring (its own estimate),0.029,23.1,,,,,,
util,4x8,,,,,,,,"decode ctx=4096 QK^T hd128 (per seq,head)",1,4096,128,SC T=128 (reference),0.0198,16.0,,,,,,
util,4x8,,,,,,,,"decode ctx=4096 QK^T hd128 (per seq,head)",1,4096,128,BOS INT8 x32,0.1067,172.9,,,,,,
util,4x8,,,,,,,,"decode ctx=4096 SV hd128 (per seq,head)",1,128,4096,WO-ring (in-composite area),0.0298,23.9,,,,,,
util,4x8,,,,,,,,"decode ctx=4096 SV hd128 (per seq,head)",1,128,4096,WO-ring (all-in area),0.0298,23.6,,,,,,
util,4x8,,,,,,,,"decode ctx=4096 SV hd128 (per seq,head)",1,128,4096,"CNSB (all-in, its own estimate)",0.1092,87.1,,,,,,
util,4x8,,,,,,,,"decode ctx=4096 SV hd128 (per seq,head)",1,128,4096,BP-HW-ring (its own estimate),0.3316,264.2,,,,,,
util,4x8,,,,,,,,"decode ctx=4096 SV hd128 (per seq,head)",1,128,4096,SC T=128 (reference),0.0307,24.7,,,,,,
util,4x8,,,,,,,,"decode ctx=4096 SV hd128 (per seq,head)",1,128,4096,BOS INT8 x32,0.0622,100.7,,,,,,
block_weighted,1x1,,,,,,,,LLaMA2-7B block S=512,,,,WO-ring (in-composite area),0.9807,567.3,,,,,,
block_weighted,1x1,,,,,,,,LLaMA2-7B block S=512,,,,WO-ring (all-in area),0.9807,533.5,,,,,,
block_weighted,1x1,,,,,,,,LLaMA2-7B block S=512,,,,"CNSB (all-in, its own estimate)",0.9809,540.6,,,,,,
block_weighted,1x1,,,,,,,,LLaMA2-7B block S=512,,,,BP-HW-ring (its own estimate),1.5242,857.5,,,,,,
block_weighted,1x1,,,,,,,,LLaMA2-7B block S=512,,,,SC T=128 (reference),0.9976,580.2,,,,,,
block_weighted,1x1,,,,,,,,LLaMA2-7B block S=2048,,,,WO-ring (in-composite area),0.9715,562.0,,,,,,
block_weighted,1x1,,,,,,,,LLaMA2-7B block S=2048,,,,WO-ring (all-in area),0.9715,528.5,,,,,,
block_weighted,1x1,,,,,,,,LLaMA2-7B block S=2048,,,,"CNSB (all-in, its own estimate)",0.9683,533.6,,,,,,
block_weighted,1x1,,,,,,,,LLaMA2-7B block S=2048,,,,BP-HW-ring (its own estimate),1.3124,738.4,,,,,,
block_weighted,1x1,,,,,,,,LLaMA2-7B block S=2048,,,,SC T=128 (reference),0.9959,579.2,,,,,,
block_weighted,1x1,,,,,,,,LLaMA2-7B block S=4096,,,,WO-ring (in-composite area),0.961,555.9,,,,,,
block_weighted,1x1,,,,,,,,LLaMA2-7B block S=4096,,,,WO-ring (all-in area),0.961,522.8,,,,,,
block_weighted,1x1,,,,,,,,LLaMA2-7B block S=4096,,,,"CNSB (all-in, its own estimate)",0.954,525.8,,,,,,
block_weighted,1x1,,,,,,,,LLaMA2-7B block S=4096,,,,BP-HW-ring (its own estimate),1.1292,635.3,,,,,,
block_weighted,1x1,,,,,,,,LLaMA2-7B block S=4096,,,,SC T=128 (reference),0.994,578.1,,,,,,
block_weighted,4x4,,,,,,,,LLaMA2-7B block S=512,,,,WO-ring (in-composite area),0.9645,753.7,,,,,,
block_weighted,4x4,,,,,,,,LLaMA2-7B block S=512,,,,WO-ring (all-in area),0.9645,738.3,,,,,,
block_weighted,4x4,,,,,,,,LLaMA2-7B block S=512,,,,"CNSB (all-in, its own estimate)",0.9152,705.5,,,,,,
block_weighted,4x4,,,,,,,,LLaMA2-7B block S=512,,,,BP-HW-ring (its own estimate),1.3713,1060.2,,,,,,
block_weighted,4x4,,,,,,,,LLaMA2-7B block S=512,,,,SC T=128 (reference),0.9885,775.8,,,,,,
block_weighted,4x4,,,,,,,,LLaMA2-7B block S=2048,,,,WO-ring (in-composite area),0.9504,742.7,,,,,,
block_weighted,4x4,,,,,,,,LLaMA2-7B block S=2048,,,,WO-ring (all-in area),0.9504,727.5,,,,,,
block_weighted,4x4,,,,,,,,LLaMA2-7B block S=2048,,,,"CNSB (all-in, its own estimate)",0.8654,667.1,,,,,,
block_weighted,4x4,,,,,,,,LLaMA2-7B block S=2048,,,,BP-HW-ring (its own estimate),1.1303,873.9,,,,,,
block_weighted,4x4,,,,,,,,LLaMA2-7B block S=2048,,,,SC T=128 (reference),0.9809,769.9,,,,,,
block_weighted,4x4,,,,,,,,LLaMA2-7B block S=4096,,,,WO-ring (in-composite area),0.9345,730.2,,,,,,
block_weighted,4x4,,,,,,,,LLaMA2-7B block S=4096,,,,WO-ring (all-in area),0.9345,715.3,,,,,,
block_weighted,4x4,,,,,,,,LLaMA2-7B block S=4096,,,,"CNSB (all-in, its own estimate)",0.8137,627.3,,,,,,
block_weighted,4x4,,,,,,,,LLaMA2-7B block S=4096,,,,BP-HW-ring (its own estimate),0.9378,725.1,,,,,,
block_weighted,4x4,,,,,,,,LLaMA2-7B block S=4096,,,,SC T=128 (reference),0.9722,763.0,,,,,,
block_weighted,4x8,,,,,,,,LLaMA2-7B block S=512,,,,WO-ring (in-composite area),0.9458,759.2,,,,,,
block_weighted,4x8,,,,,,,,LLaMA2-7B block S=512,,,,WO-ring (all-in area),0.9458,747.5,,,,,,
block_weighted,4x8,,,,,,,,LLaMA2-7B block S=512,,,,"CNSB (all-in, its own estimate)",0.8471,675.2,,,,,,
block_weighted,4x8,,,,,,,,LLaMA2-7B block S=512,,,,BP-HW-ring (its own estimate),1.2239,975.2,,,,,,
block_weighted,4x8,,,,,,,,LLaMA2-7B block S=512,,,,SC T=128 (reference),0.9779,788.5,,,,,,
block_weighted,4x8,,,,,,,,LLaMA2-7B block S=2048,,,,WO-ring (in-composite area),0.9263,743.6,,,,,,
block_weighted,4x8,,,,,,,,LLaMA2-7B block S=2048,,,,WO-ring (all-in area),0.9263,732.1,,,,,,
block_weighted,4x8,,,,,,,,LLaMA2-7B block S=2048,,,,"CNSB (all-in, its own estimate)",0.7675,611.8,,,,,,
block_weighted,4x8,,,,,,,,LLaMA2-7B block S=2048,,,,BP-HW-ring (its own estimate),0.9689,772.0,,,,,,
block_weighted,4x8,,,,,,,,LLaMA2-7B block S=2048,,,,SC T=128 (reference),0.9635,776.9,,,,,,
block_weighted,4x8,,,,,,,,LLaMA2-7B block S=4096,,,,WO-ring (in-composite area),0.9045,726.1,,,,,,
block_weighted,4x8,,,,,,,,LLaMA2-7B block S=4096,,,,WO-ring (all-in area),0.9045,714.9,,,,,,
block_weighted,4x8,,,,,,,,LLaMA2-7B block S=4096,,,,"CNSB (all-in, its own estimate)",0.6917,551.3,,,,,,
block_weighted,4x8,,,,,,,,LLaMA2-7B block S=4096,,,,BP-HW-ring (its own estimate),0.7793,621.0,,,,,,
block_weighted,4x8,,,,,,,,LLaMA2-7B block S=4096,,,,SC T=128 (reference),0.9472,763.7,,,,,,
bits_per_mac,4x4,,,,,,,,FFN gate+up S=2048,2048,22016,4096,,,,3.0,4.0,1.5,4.0,0.5625,0.5
bits_per_mac,4x4,,,,,,,,FFN down S=2048,2048,4096,11008,,,,3.0,4.0,1.5,4.0,0.5625,0.5
bits_per_mac,4x4,,,,,,,,QK^T S=2048 hd128,2048,2048,128,,,,3.0,4.0,1.5,4.0,0.5625,0.5
bits_per_mac,4x4,,,,,,,,SV S=2048 hd128,2048,128,2048,,,,3.0,4.0,1.5,4.0,0.5625,0.5
bits_per_mac,4x4,,,,,,,,decode B=8 FFN up,8,22016,4096,,,,5.0,10.0,1.5,4.0,1.4062,1.25
bits_per_mac,4x8,,,,,,,,FFN gate+up S=2048,2048,22016,4096,,,,2.0,3.0,1.25,3.0,0.4219,0.375
bits_per_mac,4x8,,,,,,,,FFN down S=2048,2048,4096,11008,,,,2.0,3.0,1.25,3.0,0.4219,0.375
bits_per_mac,4x8,,,,,,,,QK^T S=2048 hd128,2048,2048,128,,,,2.0,3.0,1.25,3.0,0.4219,0.375
bits_per_mac,4x8,,,,,,,,SV S=2048 hd128,2048,128,2048,,,,2.0,3.0,1.25,3.0,0.4219,0.375
bits_per_mac,4x8,,,,,,,,decode B=8 FFN up,8,22016,4096,,,,5.0,9.0,1.25,3.0,1.2656,1.125
