section,shape,design,area_um2,gmacs_mm2_achievable,note,prec,schedule,L,outs_pe,tiles_per_output,feed_A_b_per_cyc_half,feed_W_b_per_cyc_half,data_cycles,overhead_cycles,period_nominal,period_576,peak_mac_tile_cycle,mac_tile_cycle_576,pct_of_peak,area_basis,gmacs_mm2_peak,gmacs_mm2_achievable_r16rows_area,pJ_MAC_measured_peak,pJ_MAC_measured_basis,est_pJ_MAC_at_L
sc_cost,1PE,SC T=128 on CSA+CNSB,46378.1,552.0,"CNSB add 2461.6 um2 (r4rows), SC loss 5.31%",,,,,,,,,,,,,,,,,,,,
sc_cost,1PE,SC T=128 on BP lap,46096.5,555.4,"BP add 2179.9 um2, SC loss 4.73%",,,,,,,,,,,,,,,,,,,,
sc_cost,4x4,SC T=128 on CSA+CNSB,530638.3,771.9,"CNSB add 9538.1 um2 (r4rows), SC loss 1.80%",,,,,,,,,,,,,,,,,,,,
sc_cost,4x4,SC T=128 on BP lap,531321.5,770.9,"BP add 10221.3 um2, SC loss 1.92%",,,,,,,,,,,,,,,,,,,,
sc_cost,4x8,SC T=128 on CSA+CNSB,1027943.5,796.9,"CNSB add 13367.2 um2 (r4rows), SC loss 1.30%",,,,,,,,,,,,,,,,,,,,
sc_cost,4x8,SC T=128 on BP lap,1029540.4,795.7,"BP add 14964.1 um2, SC loss 1.45%",,,,,,,,,,,,,,,,,,,,
throughput,1PE,CNSB spatial Booth,46378.1,368.0,feed never binds; skew from per-edge-half offset SRAM addressing,INT8,r4rows,128,8,8,128,256,16,8,24,24,1,0.6667,66.67,CSA pinned composite + synthesized CNSB edge blocks (r4rows),552.0,368.0,0.7949,"GL+PT, floating CSA route csa_20261002_distguide_spp_fixed, uniform, data cycles only (drain excluded), edge blocks excluded",0.9966
throughput,1PE,CNSB spatial Booth,46378.1,519.5,feed never binds; skew from per-edge-half offset SRAM addressing,INT8,r4rows,1024,8,8,128,256,128,8,136,136,1,0.9412,94.12,CSA pinned composite + synthesized CNSB edge blocks (r4rows),552.0,519.5,0.7949,"GL+PT, floating CSA route csa_20261002_distguide_spp_fixed, uniform, data cycles only (drain excluded), edge blocks excluded",0.8201
throughput,1PE,CNSB spatial Booth,46378.1,543.5,feed never binds; skew from per-edge-half offset SRAM addressing,INT8,r4rows,4096,8,8,128,256,512,8,520,520,1,0.9846,98.46,CSA pinned composite + synthesized CNSB edge blocks (r4rows),552.0,543.5,0.7949,"GL+PT, floating CSA route csa_20261002_distguide_spp_fixed, uniform, data cycles only (drain excluded), edge blocks excluded",0.8012
throughput,1PE,BP T1 as built,46096.5,123.4,"unlimited feed (reference, not achievable at 576)",INT8,nominal,128,8,,1024,1024,8,64,72,72,2,0.2222,11.11,BP lap pinned routed composite,1110.7,,0.34813789062499995,"GL+PT, pinned BP lap route, uniform, data cycles only",1.3626
throughput,1PE,BP T1 as built,46096.5,111.1,"2 SRAM cycles per data edge; first 576 b held in PE bit pipe (split load, control change only)",INT8,576_int,128,8,,1024,1024,8,64,72,80,2,0.2,10.0,BP lap pinned routed composite,1110.7,,0.34813789062499995,"GL+PT, pinned BP lap route, uniform, data cycles only",1.4894
throughput,1PE,BP T1 as built,46096.5,113.6,16/9 cycles per data edge; needs sub-word staging that does not exist in BP mode (upper bound),INT8,576_fluid,128,8,,1024,1024,8,64,72,78.22,2,0.2045,10.23,BP lap pinned routed composite,1110.7,,0.34813789062499995,"GL+PT, pinned BP lap route, uniform, data cycles only",1.4612
throughput,1PE,BP T1 as built,46096.5,555.4,"unlimited feed (reference, not achievable at 576)",INT8,nominal,1024,8,,1024,1024,64,64,128,128,2,1.0,50.0,BP lap pinned routed composite,1110.7,,0.34813789062499995,"GL+PT, pinned BP lap route, uniform, data cycles only",0.4749
throughput,1PE,BP T1 as built,46096.5,370.2,"2 SRAM cycles per data edge; first 576 b held in PE bit pipe (split load, control change only)",INT8,576_int,1024,8,,1024,1024,64,64,128,192,2,0.6667,33.33,BP lap pinned routed composite,1110.7,,0.34813789062499995,"GL+PT, pinned BP lap route, uniform, data cycles only",0.6017
throughput,1PE,BP T1 as built,46096.5,399.9,16/9 cycles per data edge; needs sub-word staging that does not exist in BP mode (upper bound),INT8,576_fluid,1024,8,,1024,1024,64,64,128,177.78,2,0.72,36.0,BP lap pinned routed composite,1110.7,,0.34813789062499995,"GL+PT, pinned BP lap route, uniform, data cycles only",0.5736
throughput,1PE,BP T1 as built,46096.5,888.6,"unlimited feed (reference, not achievable at 576)",INT8,nominal,4096,8,,1024,1024,256,64,320,320,2,1.6,80.0,BP lap pinned routed composite,1110.7,,0.34813789062499995,"GL+PT, pinned BP lap route, uniform, data cycles only",0.3798
throughput,1PE,BP T1 as built,46096.5,493.7,"2 SRAM cycles per data edge; first 576 b held in PE bit pipe (split load, control change only)",INT8,576_int,4096,8,,1024,1024,256,64,320,576,2,0.8889,44.44,BP lap pinned routed composite,1110.7,,0.34813789062499995,"GL+PT, pinned BP lap route, uniform, data cycles only",0.5066
throughput,1PE,BP T1 as built,46096.5,547.7,16/9 cycles per data edge; needs sub-word staging that does not exist in BP mode (upper bound),INT8,576_fluid,4096,8,,1024,1024,256,64,320,519.11,2,0.9863,49.32,BP lap pinned routed composite,1110.7,,0.34813789062499995,"GL+PT, pinned BP lap route, uniform, data cycles only",0.4785
throughput,1PE,CNSB spatial Booth,46378.1,736.0,feed never binds; skew from per-edge-half offset SRAM addressing,W4A8,r4rows,128,16,4,128,256,16,8,24,24,2,1.3333,66.67,CSA pinned composite + synthesized CNSB edge blocks (r4rows),1104.0,736.0,0.3969,"GL+PT, floating CSA route csa_20261002_distguide_spp_fixed, uniform, data cycles only (drain excluded), edge blocks excluded",0.4978
throughput,1PE,CNSB spatial Booth,46378.1,1039.0,feed never binds; skew from per-edge-half offset SRAM addressing,W4A8,r4rows,1024,16,4,128,256,128,8,136,136,2,1.8824,94.12,CSA pinned composite + synthesized CNSB edge blocks (r4rows),1104.0,1039.0,0.3969,"GL+PT, floating CSA route csa_20261002_distguide_spp_fixed, uniform, data cycles only (drain excluded), edge blocks excluded",0.4095
throughput,1PE,CNSB spatial Booth,46378.1,1087.0,feed never binds; skew from per-edge-half offset SRAM addressing,W4A8,r4rows,4096,16,4,128,256,512,8,520,520,2,1.9692,98.46,CSA pinned composite + synthesized CNSB edge blocks (r4rows),1104.0,1087.0,0.3969,"GL+PT, floating CSA route csa_20261002_distguide_spp_fixed, uniform, data cycles only (drain excluded), edge blocks excluded",0.4001
throughput,1PE,BP T1 as built,46096.5,246.8,"unlimited feed (reference, not achievable at 576)",W4A8,nominal,128,8,,1024,1024,4,32,36,36,4,0.4444,11.11,BP lap pinned routed composite,2221.4,,,"GL+PT, pinned BP lap route, uniform, data cycles only",0.6745
throughput,1PE,BP T1 as built,46096.5,222.1,"2 SRAM cycles per data edge; first 576 b held in PE bit pipe (split load, control change only)",W4A8,576_int,128,8,,1024,1024,4,32,36,40,4,0.4,10.0,BP lap pinned routed composite,2221.4,,,"GL+PT, pinned BP lap route, uniform, data cycles only",0.7371
throughput,1PE,BP T1 as built,46096.5,227.2,16/9 cycles per data edge; needs sub-word staging that does not exist in BP mode (upper bound),W4A8,576_fluid,128,8,,1024,1024,4,32,36,39.11,4,0.4091,10.23,BP lap pinned routed composite,2221.4,,,"GL+PT, pinned BP lap route, uniform, data cycles only",0.7232
throughput,1PE,BP T1 as built,46096.5,1110.7,"unlimited feed (reference, not achievable at 576)",W4A8,nominal,1024,8,,1024,1024,32,32,64,64,4,2.0,50.0,BP lap pinned routed composite,2221.4,,,"GL+PT, pinned BP lap route, uniform, data cycles only",0.2366
throughput,1PE,BP T1 as built,46096.5,740.5,"2 SRAM cycles per data edge; first 576 b held in PE bit pipe (split load, control change only)",W4A8,576_int,1024,8,,1024,1024,32,32,64,96,4,1.3333,33.33,BP lap pinned routed composite,2221.4,,,"GL+PT, pinned BP lap route, uniform, data cycles only",0.2992
throughput,1PE,BP T1 as built,46096.5,799.7,16/9 cycles per data edge; needs sub-word staging that does not exist in BP mode (upper bound),W4A8,576_fluid,1024,8,,1024,1024,32,32,64,88.89,4,1.44,36.0,BP lap pinned routed composite,2221.4,,,"GL+PT, pinned BP lap route, uniform, data cycles only",0.2853
throughput,1PE,BP T1 as built,46096.5,1777.1,"unlimited feed (reference, not achievable at 576)",W4A8,nominal,4096,8,,1024,1024,128,32,160,160,4,3.2,80.0,BP lap pinned routed composite,2221.4,,,"GL+PT, pinned BP lap route, uniform, data cycles only",0.1897
throughput,1PE,BP T1 as built,46096.5,987.3,"2 SRAM cycles per data edge; first 576 b held in PE bit pipe (split load, control change only)",W4A8,576_int,4096,8,,1024,1024,128,32,160,288,4,1.7778,44.44,BP lap pinned routed composite,2221.4,,,"GL+PT, pinned BP lap route, uniform, data cycles only",0.2523
throughput,1PE,BP T1 as built,46096.5,1095.5,16/9 cycles per data edge; needs sub-word staging that does not exist in BP mode (upper bound),W4A8,576_fluid,4096,8,,1024,1024,128,32,160,259.56,4,1.9726,49.32,BP lap pinned routed composite,2221.4,,,"GL+PT, pinned BP lap route, uniform, data cycles only",0.2384
throughput,1PE,CNSB spatial Booth,46378.1,1472.0,feed never binds; skew from per-edge-half offset SRAM addressing,INT4,r4rows,128,32,2,128,256,16,8,24,24,4,2.6667,66.67,CSA pinned composite + synthesized CNSB edge blocks (r4rows),2207.9,1472.0,0.1984,"GL+PT, floating CSA route csa_20261002_distguide_spp_fixed, uniform, data cycles only (drain excluded), edge blocks excluded",0.2489
throughput,1PE,CNSB spatial Booth,46378.1,2078.1,feed never binds; skew from per-edge-half offset SRAM addressing,INT4,r4rows,1024,32,2,128,256,128,8,136,136,4,3.7647,94.12,CSA pinned composite + synthesized CNSB edge blocks (r4rows),2207.9,2078.1,0.1984,"GL+PT, floating CSA route csa_20261002_distguide_spp_fixed, uniform, data cycles only (drain excluded), edge blocks excluded",0.2048
throughput,1PE,CNSB spatial Booth,46378.1,2174.0,feed never binds; skew from per-edge-half offset SRAM addressing,INT4,r4rows,4096,32,2,128,256,512,8,520,520,4,3.9385,98.46,CSA pinned composite + synthesized CNSB edge blocks (r4rows),2207.9,2174.0,0.1984,"GL+PT, floating CSA route csa_20261002_distguide_spp_fixed, uniform, data cycles only (drain excluded), edge blocks excluded",0.2
throughput,1PE,BP T1 as built,46096.5,493.7,"unlimited feed (reference, not achievable at 576)",INT4,nominal,128,16,,1024,1024,4,32,36,36,8,0.8889,11.11,BP lap pinned routed composite,4442.9,,0.08726992187500002,"GL+PT, pinned BP lap route, uniform, data cycles only",0.336
throughput,1PE,BP T1 as built,46096.5,444.3,"2 SRAM cycles per data edge; first 576 b held in PE bit pipe (split load, control change only)",INT4,576_int,128,16,,1024,1024,4,32,36,40,8,0.8,10.0,BP lap pinned routed composite,4442.9,,0.08726992187500002,"GL+PT, pinned BP lap route, uniform, data cycles only",0.3671
throughput,1PE,BP T1 as built,46096.5,454.4,16/9 cycles per data edge; needs sub-word staging that does not exist in BP mode (upper bound),INT4,576_fluid,128,16,,1024,1024,4,32,36,39.11,8,0.8182,10.23,BP lap pinned routed composite,4442.9,,0.08726992187500002,"GL+PT, pinned BP lap route, uniform, data cycles only",0.3602
throughput,1PE,BP T1 as built,46096.5,2221.4,"unlimited feed (reference, not achievable at 576)",INT4,nominal,1024,16,,1024,1024,32,32,64,64,8,4.0,50.0,BP lap pinned routed composite,4442.9,,0.08726992187500002,"GL+PT, pinned BP lap route, uniform, data cycles only",0.1184
throughput,1PE,BP T1 as built,46096.5,1481.0,"2 SRAM cycles per data edge; first 576 b held in PE bit pipe (split load, control change only)",INT4,576_int,1024,16,,1024,1024,32,32,64,96,8,2.6667,33.33,BP lap pinned routed composite,4442.9,,0.08726992187500002,"GL+PT, pinned BP lap route, uniform, data cycles only",0.1495
throughput,1PE,BP T1 as built,46096.5,1599.4,16/9 cycles per data edge; needs sub-word staging that does not exist in BP mode (upper bound),INT4,576_fluid,1024,16,,1024,1024,32,32,64,88.89,8,2.88,36.0,BP lap pinned routed composite,4442.9,,0.08726992187500002,"GL+PT, pinned BP lap route, uniform, data cycles only",0.1426
throughput,1PE,BP T1 as built,46096.5,3554.3,"unlimited feed (reference, not achievable at 576)",INT4,nominal,4096,16,,1024,1024,128,32,160,160,8,6.4,80.0,BP lap pinned routed composite,4442.9,,0.08726992187500002,"GL+PT, pinned BP lap route, uniform, data cycles only",0.095
throughput,1PE,BP T1 as built,46096.5,1974.6,"2 SRAM cycles per data edge; first 576 b held in PE bit pipe (split load, control change only)",INT4,576_int,4096,16,,1024,1024,128,32,160,288,8,3.5556,44.44,BP lap pinned routed composite,4442.9,,0.08726992187500002,"GL+PT, pinned BP lap route, uniform, data cycles only",0.1261
throughput,1PE,BP T1 as built,46096.5,2191.0,16/9 cycles per data edge; needs sub-word staging that does not exist in BP mode (upper bound),INT4,576_fluid,4096,16,,1024,1024,128,32,160,259.56,8,3.9452,49.32,BP lap pinned routed composite,4442.9,,0.08726992187500002,"GL+PT, pinned BP lap route, uniform, data cycles only",0.1192
throughput,1PE,SC T=128 (plain CSA),43916.5,548.6,approximate arithmetic (not integer-exact),SC T=128,SC,128,64,,72.0,72.0,128,8,136,136,1.0,0.9412,94.12,CSA pinned routed composite,582.9,,0.6143,"pinned CSA route (comparison.txt), data cycles only",0.6348
throughput,1PE,SC T=128 (plain CSA),43916.5,578.4,approximate arithmetic (not integer-exact),SC T=128,SC,1024,64,,72.0,72.0,1024,8,1032,1032,1.0,0.9922,99.22,CSA pinned routed composite,582.9,,0.6143,"pinned CSA route (comparison.txt), data cycles only",0.6169
throughput,1PE,SC T=128 (plain CSA),43916.5,581.8,approximate arithmetic (not integer-exact),SC T=128,SC,4096,64,,72.0,72.0,4096,8,4104,4104,1.0,0.9981,99.81,CSA pinned routed composite,582.9,,0.6143,"pinned CSA route (comparison.txt), data cycles only",0.615
throughput,1PE,SC T=16 (plain CSA),43916.5,3108.9,approximate arithmetic (not integer-exact),SC T=16,SC,128,64,,576.0,576.0,16,8,24,24,8.0,5.3333,66.67,CSA pinned routed composite,4663.4,,0.1167,"floating CSA route T sweep (csa_t_sweep_20261003), data cycles only",0.1467
throughput,1PE,SC T=16 (plain CSA),43916.5,4389.1,approximate arithmetic (not integer-exact),SC T=16,SC,1024,64,,576.0,576.0,128,8,136,136,8.0,7.5294,94.12,CSA pinned routed composite,4663.4,,0.1167,"floating CSA route T sweep (csa_t_sweep_20261003), data cycles only",0.1204
throughput,1PE,SC T=16 (plain CSA),43916.5,4591.6,approximate arithmetic (not integer-exact),SC T=16,SC,4096,64,,576.0,576.0,512,8,520,520,8.0,7.8769,98.46,CSA pinned routed composite,4663.4,,0.1167,"floating CSA route T sweep (csa_t_sweep_20261003), data cycles only",0.1176
throughput,4x4,CNSB spatial Booth,530638.3,228.7,feed never binds; skew from per-edge-half offset SRAM addressing,INT8,r4rows,128,8,8,128,256,16,38,54,54,1,0.2963,29.63,CSA pinned composite + synthesized CNSB edge blocks (r4rows),771.9,228.7,0.6618,"GL+PT, floating CSA route csa_20261002_distguide_spp_fixed, uniform, data cycles only (drain excluded), edge blocks excluded",1.3044
throughput,4x4,CNSB spatial Booth,530638.3,595.2,feed never binds; skew from per-edge-half offset SRAM addressing,INT8,r4rows,1024,8,8,128,256,128,38,166,166,1,0.7711,77.11,CSA pinned composite + synthesized CNSB edge blocks (r4rows),771.9,595.2,0.6618,"GL+PT, floating CSA route csa_20261002_distguide_spp_fixed, uniform, data cycles only (drain excluded), edge blocks excluded",0.7422
throughput,4x4,CNSB spatial Booth,530638.3,718.6,feed never binds; skew from per-edge-half offset SRAM addressing,INT8,r4rows,4096,8,8,128,256,512,38,550,550,1,0.9309,93.09,CSA pinned composite + synthesized CNSB edge blocks (r4rows),771.9,718.6,0.6618,"GL+PT, floating CSA route csa_20261002_distguide_spp_fixed, uniform, data cycles only (drain excluded), edge blocks excluded",0.6819
throughput,4x4,BP T1 as built,531321.5,120.9,"unlimited feed (reference, not achievable at 576)",INT8,nominal,128,8,,1024,1024,8,94,102,102,2,0.1569,7.84,BP lap pinned routed composite,1541.8,,0.34813789062499995,"GL+PT, pinned BP lap route, uniform, data cycles only",1.7072
throughput,4x4,BP T1 as built,531321.5,112.1,"2 SRAM cycles per data edge; first 576 b held in PE bit pipe (split load, control change only)",INT8,576_int,128,8,,1024,1024,8,94,102,110,2,0.1455,7.27,BP lap pinned routed composite,1541.8,,0.34813789062499995,"GL+PT, pinned BP lap route, uniform, data cycles only",1.8237
throughput,4x4,BP T1 as built,531321.5,114.0,16/9 cycles per data edge; needs sub-word staging that does not exist in BP mode (upper bound),INT8,576_fluid,128,8,,1024,1024,8,94,102,108.22,2,0.1478,7.39,BP lap pinned routed composite,1541.8,,0.34813789062499995,"GL+PT, pinned BP lap route, uniform, data cycles only",1.7978
throughput,4x4,BP T1 as built,531321.5,624.5,"unlimited feed (reference, not achievable at 576)",INT8,nominal,1024,8,,1024,1024,64,94,158,158,2,0.8101,40.51,BP lap pinned routed composite,1541.8,,0.34813789062499995,"GL+PT, pinned BP lap route, uniform, data cycles only",0.509
throughput,4x4,BP T1 as built,531321.5,444.5,"2 SRAM cycles per data edge; first 576 b held in PE bit pipe (split load, control change only)",INT8,576_int,1024,8,,1024,1024,64,94,158,222,2,0.5766,28.83,BP lap pinned routed composite,1541.8,,0.34813789062499995,"GL+PT, pinned BP lap route, uniform, data cycles only",0.6256
throughput,4x4,BP T1 as built,531321.5,474.9,16/9 cycles per data edge; needs sub-word staging that does not exist in BP mode (upper bound),INT8,576_fluid,1024,8,,1024,1024,64,94,158,207.78,2,0.616,30.8,BP lap pinned routed composite,1541.8,,0.34813789062499995,"GL+PT, pinned BP lap route, uniform, data cycles only",0.5997
throughput,4x4,BP T1 as built,531321.5,1127.7,"unlimited feed (reference, not achievable at 576)",INT8,nominal,4096,8,,1024,1024,256,94,350,350,2,1.4629,73.14,BP lap pinned routed composite,1541.8,,0.34813789062499995,"GL+PT, pinned BP lap route, uniform, data cycles only",0.3807
throughput,4x4,BP T1 as built,531321.5,651.3,"2 SRAM cycles per data edge; first 576 b held in PE bit pipe (split load, control change only)",INT8,576_int,4096,8,,1024,1024,256,94,350,606,2,0.8449,42.24,BP lap pinned routed composite,1541.8,,0.34813789062499995,"GL+PT, pinned BP lap route, uniform, data cycles only",0.4972
throughput,4x4,BP T1 as built,531321.5,718.8,16/9 cycles per data edge; needs sub-word staging that does not exist in BP mode (upper bound),INT8,576_fluid,4096,8,,1024,1024,256,94,350,549.11,2,0.9324,46.62,BP lap pinned routed composite,1541.8,,0.34813789062499995,"GL+PT, pinned BP lap route, uniform, data cycles only",0.4713
throughput,4x4,CNSB spatial Booth,530638.3,457.4,feed never binds; skew from per-edge-half offset SRAM addressing,W4A8,r4rows,128,16,4,128,256,16,38,54,54,2,0.5926,29.63,CSA pinned composite + synthesized CNSB edge blocks (r4rows),1543.8,457.4,0.3305,"GL+PT, floating CSA route csa_20261002_distguide_spp_fixed, uniform, data cycles only (drain excluded), edge blocks excluded",0.6517
throughput,4x4,CNSB spatial Booth,530638.3,1190.4,feed never binds; skew from per-edge-half offset SRAM addressing,W4A8,r4rows,1024,16,4,128,256,128,38,166,166,2,1.5422,77.11,CSA pinned composite + synthesized CNSB edge blocks (r4rows),1543.8,1190.4,0.3305,"GL+PT, floating CSA route csa_20261002_distguide_spp_fixed, uniform, data cycles only (drain excluded), edge blocks excluded",0.3706
throughput,4x4,CNSB spatial Booth,530638.3,1437.1,feed never binds; skew from per-edge-half offset SRAM addressing,W4A8,r4rows,4096,16,4,128,256,512,38,550,550,2,1.8618,93.09,CSA pinned composite + synthesized CNSB edge blocks (r4rows),1543.8,1437.1,0.3305,"GL+PT, floating CSA route csa_20261002_distguide_spp_fixed, uniform, data cycles only (drain excluded), edge blocks excluded",0.3405
throughput,4x4,BP T1 as built,531321.5,186.9,"unlimited feed (reference, not achievable at 576)",W4A8,nominal,128,8,,1024,1024,4,62,66,66,4,0.2424,6.06,BP lap pinned routed composite,3083.6,,,"GL+PT, pinned BP lap route, uniform, data cycles only",1.059
throughput,4x4,BP T1 as built,531321.5,176.2,"2 SRAM cycles per data edge; first 576 b held in PE bit pipe (split load, control change only)",W4A8,576_int,128,8,,1024,1024,4,62,66,70,4,0.2286,5.71,BP lap pinned routed composite,3083.6,,,"GL+PT, pinned BP lap route, uniform, data cycles only",1.1164
throughput,4x4,BP T1 as built,531321.5,178.5,16/9 cycles per data edge; needs sub-word staging that does not exist in BP mode (upper bound),W4A8,576_fluid,128,8,,1024,1024,4,62,66,69.11,4,0.2315,5.79,BP lap pinned routed composite,3083.6,,,"GL+PT, pinned BP lap route, uniform, data cycles only",1.1037
throughput,4x4,BP T1 as built,531321.5,1049.7,"unlimited feed (reference, not achievable at 576)",W4A8,nominal,1024,8,,1024,1024,32,62,94,94,4,1.3617,34.04,BP lap pinned routed composite,3083.6,,,"GL+PT, pinned BP lap route, uniform, data cycles only",0.2802
throughput,4x4,BP T1 as built,531321.5,783.1,"2 SRAM cycles per data edge; first 576 b held in PE bit pipe (split load, control change only)",W4A8,576_int,1024,8,,1024,1024,32,62,94,126,4,1.0159,25.4,BP lap pinned routed composite,3083.6,,,"GL+PT, pinned BP lap route, uniform, data cycles only",0.3376
throughput,4x4,BP T1 as built,531321.5,830.0,16/9 cycles per data edge; needs sub-word staging that does not exist in BP mode (upper bound),W4A8,576_fluid,1024,8,,1024,1024,32,62,94,118.89,4,1.0766,26.92,BP lap pinned routed composite,3083.6,,,"GL+PT, pinned BP lap route, uniform, data cycles only",0.3249
throughput,4x4,BP T1 as built,531321.5,2077.4,"unlimited feed (reference, not achievable at 576)",W4A8,nominal,4096,8,,1024,1024,128,62,190,190,4,2.6947,67.37,BP lap pinned routed composite,3083.6,,,"GL+PT, pinned BP lap route, uniform, data cycles only",0.1967
throughput,4x4,BP T1 as built,531321.5,1241.2,"2 SRAM cycles per data edge; first 576 b held in PE bit pipe (split load, control change only)",W4A8,576_int,4096,8,,1024,1024,128,62,190,318,4,1.6101,40.25,BP lap pinned routed composite,3083.6,,,"GL+PT, pinned BP lap route, uniform, data cycles only",0.2542
throughput,4x4,BP T1 as built,531321.5,1363.1,16/9 cycles per data edge; needs sub-word staging that does not exist in BP mode (upper bound),W4A8,576_fluid,4096,8,,1024,1024,128,62,190,289.56,4,1.7682,44.21,BP lap pinned routed composite,3083.6,,,"GL+PT, pinned BP lap route, uniform, data cycles only",0.2414
throughput,4x4,CNSB spatial Booth,530638.3,914.8,feed never binds; skew from per-edge-half offset SRAM addressing,INT4,r4rows,128,32,2,128,256,16,38,54,54,4,1.1852,29.63,CSA pinned composite + synthesized CNSB edge blocks (r4rows),3087.6,914.8,0.1652,"GL+PT, floating CSA route csa_20261002_distguide_spp_fixed, uniform, data cycles only (drain excluded), edge blocks excluded",0.3258
throughput,4x4,CNSB spatial Booth,530638.3,2380.8,feed never binds; skew from per-edge-half offset SRAM addressing,INT4,r4rows,1024,32,2,128,256,128,38,166,166,4,3.0843,77.11,CSA pinned composite + synthesized CNSB edge blocks (r4rows),3087.6,2380.8,0.1652,"GL+PT, floating CSA route csa_20261002_distguide_spp_fixed, uniform, data cycles only (drain excluded), edge blocks excluded",0.1853
throughput,4x4,CNSB spatial Booth,530638.3,2874.3,feed never binds; skew from per-edge-half offset SRAM addressing,INT4,r4rows,4096,32,2,128,256,512,38,550,550,4,3.7236,93.09,CSA pinned composite + synthesized CNSB edge blocks (r4rows),3087.6,2874.3,0.1652,"GL+PT, floating CSA route csa_20261002_distguide_spp_fixed, uniform, data cycles only (drain excluded), edge blocks excluded",0.1702
throughput,4x4,BP T1 as built,531321.5,373.8,"unlimited feed (reference, not achievable at 576)",INT4,nominal,128,16,,1024,1024,4,62,66,66,8,0.4848,6.06,BP lap pinned routed composite,6167.3,,0.08726992187500002,"GL+PT, pinned BP lap route, uniform, data cycles only",0.5269
throughput,4x4,BP T1 as built,531321.5,352.4,"2 SRAM cycles per data edge; first 576 b held in PE bit pipe (split load, control change only)",INT4,576_int,128,16,,1024,1024,4,62,66,70,8,0.4571,5.71,BP lap pinned routed composite,6167.3,,0.08726992187500002,"GL+PT, pinned BP lap route, uniform, data cycles only",0.5554
throughput,4x4,BP T1 as built,531321.5,356.9,16/9 cycles per data edge; needs sub-word staging that does not exist in BP mode (upper bound),INT4,576_fluid,128,16,,1024,1024,4,62,66,69.11,8,0.463,5.79,BP lap pinned routed composite,6167.3,,0.08726992187500002,"GL+PT, pinned BP lap route, uniform, data cycles only",0.5491
throughput,4x4,BP T1 as built,531321.5,2099.5,"unlimited feed (reference, not achievable at 576)",INT4,nominal,1024,16,,1024,1024,32,62,94,94,8,2.7234,34.04,BP lap pinned routed composite,6167.3,,0.08726992187500002,"GL+PT, pinned BP lap route, uniform, data cycles only",0.14
throughput,4x4,BP T1 as built,531321.5,1566.3,"2 SRAM cycles per data edge; first 576 b held in PE bit pipe (split load, control change only)",INT4,576_int,1024,16,,1024,1024,32,62,94,126,8,2.0317,25.4,BP lap pinned routed composite,6167.3,,0.08726992187500002,"GL+PT, pinned BP lap route, uniform, data cycles only",0.1685
throughput,4x4,BP T1 as built,531321.5,1660.0,16/9 cycles per data edge; needs sub-word staging that does not exist in BP mode (upper bound),INT4,576_fluid,1024,16,,1024,1024,32,62,94,118.89,8,2.1533,26.92,BP lap pinned routed composite,6167.3,,0.08726992187500002,"GL+PT, pinned BP lap route, uniform, data cycles only",0.1622
throughput,4x4,BP T1 as built,531321.5,4154.8,"unlimited feed (reference, not achievable at 576)",INT4,nominal,4096,16,,1024,1024,128,62,190,190,8,5.3895,67.37,BP lap pinned routed composite,6167.3,,0.08726992187500002,"GL+PT, pinned BP lap route, uniform, data cycles only",0.0985
throughput,4x4,BP T1 as built,531321.5,2482.4,"2 SRAM cycles per data edge; first 576 b held in PE bit pipe (split load, control change only)",INT4,576_int,4096,16,,1024,1024,128,62,190,318,8,3.2201,40.25,BP lap pinned routed composite,6167.3,,0.08726992187500002,"GL+PT, pinned BP lap route, uniform, data cycles only",0.127
throughput,4x4,BP T1 as built,531321.5,2726.3,16/9 cycles per data edge; needs sub-word staging that does not exist in BP mode (upper bound),INT4,576_fluid,4096,16,,1024,1024,128,62,190,289.56,8,3.5365,44.21,BP lap pinned routed composite,6167.3,,0.08726992187500002,"GL+PT, pinned BP lap route, uniform, data cycles only",0.1207
throughput,4x4,SC T=128 (plain CSA),521100.2,606.1,approximate arithmetic (not integer-exact),SC T=128,SC,128,64,,72.0,72.0,128,38,166,166,1.0,0.7711,77.11,CSA pinned routed composite,786.0,,0.5317,"pinned CSA route (comparison.txt), data cycles only",0.6046
throughput,4x4,SC T=128 (plain CSA),521100.2,757.9,approximate arithmetic (not integer-exact),SC T=128,SC,1024,64,,72.0,72.0,1024,38,1062,1062,1.0,0.9642,96.42,CSA pinned routed composite,786.0,,0.5317,"pinned CSA route (comparison.txt), data cycles only",0.5408
throughput,4x4,SC T=128 (plain CSA),521100.2,778.8,approximate arithmetic (not integer-exact),SC T=128,SC,4096,64,,72.0,72.0,4096,38,4134,4134,1.0,0.9908,99.08,CSA pinned routed composite,786.0,,0.5317,"pinned CSA route (comparison.txt), data cycles only",0.5339
throughput,4x4,SC T=16 (plain CSA),521100.2,1863.2,approximate arithmetic (not integer-exact),SC T=16,SC,128,64,,576.0,576.0,16,38,54,54,8.0,2.3704,29.63,CSA pinned routed composite,6288.2,,0.0921,"floating CSA route T sweep (csa_t_sweep_20261003), data cycles only",0.1762
throughput,4x4,SC T=16 (plain CSA),521100.2,4848.8,approximate arithmetic (not integer-exact),SC T=16,SC,1024,64,,576.0,576.0,128,38,166,166,8.0,6.1687,77.11,CSA pinned routed composite,6288.2,,0.0921,"floating CSA route T sweep (csa_t_sweep_20261003), data cycles only",0.1026
throughput,4x4,SC T=16 (plain CSA),521100.2,5853.8,approximate arithmetic (not integer-exact),SC T=16,SC,4096,64,,576.0,576.0,512,38,550,550,8.0,7.4473,93.09,CSA pinned routed composite,6288.2,,0.0921,"floating CSA route T sweep (csa_t_sweep_20261003), data cycles only",0.0947
throughput,4x8,CNSB spatial Booth,1027943.5,141.7,feed never binds; skew from per-edge-half offset SRAM addressing,INT8,r4rows,128,8,8,128,256,16,74,90,90,1,0.1778,17.78,CSA pinned composite + synthesized CNSB edge blocks (r4rows),796.9,142.0,0.6508,"GL+PT, floating CSA route csa_20261002_distguide_spp_fixed, uniform, data cycles only (drain excluded), edge blocks excluded",1.8511
throughput,4x8,CNSB spatial Booth,1027943.5,505.0,feed never binds; skew from per-edge-half offset SRAM addressing,INT8,r4rows,1024,8,8,128,256,128,74,202,202,1,0.6337,63.37,CSA pinned composite + synthesized CNSB edge blocks (r4rows),796.9,506.0,0.6508,"GL+PT, floating CSA route csa_20261002_distguide_spp_fixed, uniform, data cycles only (drain excluded), edge blocks excluded",0.8009
throughput,4x8,CNSB spatial Booth,1027943.5,696.3,feed never binds; skew from per-edge-half offset SRAM addressing,INT8,r4rows,4096,8,8,128,256,512,74,586,586,1,0.8737,87.37,CSA pinned composite + synthesized CNSB edge blocks (r4rows),796.9,697.7,0.6508,"GL+PT, floating CSA route csa_20261002_distguide_spp_fixed, uniform, data cycles only (drain excluded), edge blocks excluded",0.6883
throughput,4x8,BP T1 as built,1029540.4,92.3,"unlimited feed (reference, not achievable at 576)",INT8,nominal,128,8,,1024,1024,8,130,138,138,2,0.1159,5.8,BP lap pinned routed composite,1591.4,,0.34813789062499995,"GL+PT, pinned BP lap route, uniform, data cycles only",2.22
throughput,4x8,BP T1 as built,1029540.4,87.2,"2 SRAM cycles per data edge; first 576 b held in PE bit pipe (split load, control change only)",INT8,576_int,128,8,,1024,1024,8,130,138,146,2,0.1096,5.48,BP lap pinned routed composite,1591.4,,0.34813789062499995,"GL+PT, pinned BP lap route, uniform, data cycles only",2.3359
throughput,4x8,BP T1 as built,1029540.4,88.3,16/9 cycles per data edge; needs sub-word staging that does not exist in BP mode (upper bound),INT8,576_fluid,128,8,,1024,1024,8,130,138,144.22,2,0.1109,5.55,BP lap pinned routed composite,1591.4,,0.34813789062499995,"GL+PT, pinned BP lap route, uniform, data cycles only",2.3101
throughput,4x8,BP T1 as built,1029540.4,525.0,"unlimited feed (reference, not achievable at 576)",INT8,nominal,1024,8,,1024,1024,64,130,194,194,2,0.6598,32.99,BP lap pinned routed composite,1591.4,,0.34813789062499995,"GL+PT, pinned BP lap route, uniform, data cycles only",0.5725
throughput,4x8,BP T1 as built,1029540.4,394.8,"2 SRAM cycles per data edge; first 576 b held in PE bit pipe (split load, control change only)",INT8,576_int,1024,8,,1024,1024,64,130,194,258,2,0.4961,24.81,BP lap pinned routed composite,1591.4,,0.34813789062499995,"GL+PT, pinned BP lap route, uniform, data cycles only",0.6884
throughput,4x8,BP T1 as built,1029540.4,417.8,16/9 cycles per data edge; needs sub-word staging that does not exist in BP mode (upper bound),INT8,576_fluid,1024,8,,1024,1024,64,130,194,243.78,2,0.5251,26.25,BP lap pinned routed composite,1591.4,,0.34813789062499995,"GL+PT, pinned BP lap route, uniform, data cycles only",0.6627
throughput,4x8,BP T1 as built,1029540.4,1055.4,"unlimited feed (reference, not achievable at 576)",INT8,nominal,4096,8,,1024,1024,256,130,386,386,2,1.3264,66.32,BP lap pinned routed composite,1591.4,,0.34813789062499995,"GL+PT, pinned BP lap route, uniform, data cycles only",0.396
throughput,4x8,BP T1 as built,1029540.4,634.6,"2 SRAM cycles per data edge; first 576 b held in PE bit pipe (split load, control change only)",INT8,576_int,4096,8,,1024,1024,256,130,386,642,2,0.7975,39.88,BP lap pinned routed composite,1591.4,,0.34813789062499995,"GL+PT, pinned BP lap route, uniform, data cycles only",0.5119
throughput,4x8,BP T1 as built,1029540.4,696.3,16/9 cycles per data edge; needs sub-word staging that does not exist in BP mode (upper bound),INT8,576_fluid,4096,8,,1024,1024,256,130,386,585.11,2,0.875,43.75,BP lap pinned routed composite,1591.4,,0.34813789062499995,"GL+PT, pinned BP lap route, uniform, data cycles only",0.4862
throughput,4x8,CNSB spatial Booth,1027943.5,283.4,feed never binds; skew from per-edge-half offset SRAM addressing,W4A8,r4rows,128,16,4,128,256,16,74,90,90,2,0.3556,17.78,CSA pinned composite + synthesized CNSB edge blocks (r4rows),1593.9,283.9,0.325,"GL+PT, floating CSA route csa_20261002_distguide_spp_fixed, uniform, data cycles only (drain excluded), edge blocks excluded",0.925
throughput,4x8,CNSB spatial Booth,1027943.5,1010.0,feed never binds; skew from per-edge-half offset SRAM addressing,W4A8,r4rows,1024,16,4,128,256,128,74,202,202,2,1.2673,63.37,CSA pinned composite + synthesized CNSB edge blocks (r4rows),1593.9,1012.0,0.325,"GL+PT, floating CSA route csa_20261002_distguide_spp_fixed, uniform, data cycles only (drain excluded), edge blocks excluded",0.4
throughput,4x8,CNSB spatial Booth,1027943.5,1392.6,feed never binds; skew from per-edge-half offset SRAM addressing,W4A8,r4rows,4096,16,4,128,256,512,74,586,586,2,1.7474,87.37,CSA pinned composite + synthesized CNSB edge blocks (r4rows),1593.9,1395.4,0.325,"GL+PT, floating CSA route csa_20261002_distguide_spp_fixed, uniform, data cycles only (drain excluded), edge blocks excluded",0.3437
throughput,4x8,BP T1 as built,1029540.4,124.8,"unlimited feed (reference, not achievable at 576)",W4A8,nominal,128,8,,1024,1024,4,98,102,102,4,0.1569,3.92,BP lap pinned routed composite,3182.8,,,"GL+PT, pinned BP lap route, uniform, data cycles only",1.5673
throughput,4x8,BP T1 as built,1029540.4,120.1,"2 SRAM cycles per data edge; first 576 b held in PE bit pipe (split load, control change only)",W4A8,576_int,128,8,,1024,1024,4,98,102,106,4,0.1509,3.77,BP lap pinned routed composite,3182.8,,,"GL+PT, pinned BP lap route, uniform, data cycles only",1.6243
throughput,4x8,BP T1 as built,1029540.4,121.1,16/9 cycles per data edge; needs sub-word staging that does not exist in BP mode (upper bound),W4A8,576_fluid,128,8,,1024,1024,4,98,102,105.11,4,0.1522,3.81,BP lap pinned routed composite,3182.8,,,"GL+PT, pinned BP lap route, uniform, data cycles only",1.6117
throughput,4x8,BP T1 as built,1029540.4,783.5,"unlimited feed (reference, not achievable at 576)",W4A8,nominal,1024,8,,1024,1024,32,98,130,130,4,0.9846,24.62,BP lap pinned routed composite,3182.8,,,"GL+PT, pinned BP lap route, uniform, data cycles only",0.3434
throughput,4x8,BP T1 as built,1029540.4,628.7,"2 SRAM cycles per data edge; first 576 b held in PE bit pipe (split load, control change only)",W4A8,576_int,1024,8,,1024,1024,32,98,130,162,4,0.7901,19.75,BP lap pinned routed composite,3182.8,,,"GL+PT, pinned BP lap route, uniform, data cycles only",0.4005
throughput,4x8,BP T1 as built,1029540.4,657.6,16/9 cycles per data edge; needs sub-word staging that does not exist in BP mode (upper bound),W4A8,576_fluid,1024,8,,1024,1024,32,98,130,154.89,4,0.8264,20.66,BP lap pinned routed composite,3182.8,,,"GL+PT, pinned BP lap route, uniform, data cycles only",0.3878
throughput,4x8,BP T1 as built,1029540.4,1802.6,"unlimited feed (reference, not achievable at 576)",W4A8,nominal,4096,8,,1024,1024,128,98,226,226,4,2.2655,56.64,BP lap pinned routed composite,3182.8,,,"GL+PT, pinned BP lap route, uniform, data cycles only",0.2123
throughput,4x8,BP T1 as built,1029540.4,1150.8,"2 SRAM cycles per data edge; first 576 b held in PE bit pipe (split load, control change only)",W4A8,576_int,4096,8,,1024,1024,128,98,226,354,4,1.4463,36.16,BP lap pinned routed composite,3182.8,,,"GL+PT, pinned BP lap route, uniform, data cycles only",0.2694
throughput,4x8,BP T1 as built,1029540.4,1251.4,16/9 cycles per data edge; needs sub-word staging that does not exist in BP mode (upper bound),W4A8,576_fluid,4096,8,,1024,1024,128,98,226,325.56,4,1.5727,39.32,BP lap pinned routed composite,3182.8,,,"GL+PT, pinned BP lap route, uniform, data cycles only",0.2567
throughput,4x8,CNSB spatial Booth,1027943.5,566.7,feed never binds; skew from per-edge-half offset SRAM addressing,INT4,r4rows,128,32,2,128,256,16,74,90,90,4,0.7111,17.78,CSA pinned composite + synthesized CNSB edge blocks (r4rows),3187.7,567.9,0.1624,"GL+PT, floating CSA route csa_20261002_distguide_spp_fixed, uniform, data cycles only (drain excluded), edge blocks excluded",0.4625
throughput,4x8,CNSB spatial Booth,1027943.5,2019.9,feed never binds; skew from per-edge-half offset SRAM addressing,INT4,r4rows,1024,32,2,128,256,128,74,202,202,4,2.5347,63.37,CSA pinned composite + synthesized CNSB edge blocks (r4rows),3187.7,2024.1,0.1624,"GL+PT, floating CSA route csa_20261002_distguide_spp_fixed, uniform, data cycles only (drain excluded), edge blocks excluded",0.1999
throughput,4x8,CNSB spatial Booth,1027943.5,2785.2,feed never binds; skew from per-edge-half offset SRAM addressing,INT4,r4rows,4096,32,2,128,256,512,74,586,586,4,3.4949,87.37,CSA pinned composite + synthesized CNSB edge blocks (r4rows),3187.7,2790.9,0.1624,"GL+PT, floating CSA route csa_20261002_distguide_spp_fixed, uniform, data cycles only (drain excluded), edge blocks excluded",0.1718
throughput,4x8,BP T1 as built,1029540.4,249.6,"unlimited feed (reference, not achievable at 576)",INT4,nominal,128,16,,1024,1024,4,98,102,102,8,0.3137,3.92,BP lap pinned routed composite,6365.6,,0.08726992187500002,"GL+PT, pinned BP lap route, uniform, data cycles only",0.7794
throughput,4x8,BP T1 as built,1029540.4,240.2,"2 SRAM cycles per data edge; first 576 b held in PE bit pipe (split load, control change only)",INT4,576_int,128,16,,1024,1024,4,98,102,106,8,0.3019,3.77,BP lap pinned routed composite,6365.6,,0.08726992187500002,"GL+PT, pinned BP lap route, uniform, data cycles only",0.8077
throughput,4x8,BP T1 as built,1029540.4,242.2,16/9 cycles per data edge; needs sub-word staging that does not exist in BP mode (upper bound),INT4,576_fluid,128,16,,1024,1024,4,98,102,105.11,8,0.3044,3.81,BP lap pinned routed composite,6365.6,,0.08726992187500002,"GL+PT, pinned BP lap route, uniform, data cycles only",0.8014
throughput,4x8,BP T1 as built,1029540.4,1566.9,"unlimited feed (reference, not achievable at 576)",INT4,nominal,1024,16,,1024,1024,32,98,130,130,8,1.9692,24.62,BP lap pinned routed composite,6365.6,,0.08726992187500002,"GL+PT, pinned BP lap route, uniform, data cycles only",0.1714
throughput,4x8,BP T1 as built,1029540.4,1257.4,"2 SRAM cycles per data edge; first 576 b held in PE bit pipe (split load, control change only)",INT4,576_int,1024,16,,1024,1024,32,98,130,162,8,1.5802,19.75,BP lap pinned routed composite,6365.6,,0.08726992187500002,"GL+PT, pinned BP lap route, uniform, data cycles only",0.1997
throughput,4x8,BP T1 as built,1029540.4,1315.1,16/9 cycles per data edge; needs sub-word staging that does not exist in BP mode (upper bound),INT4,576_fluid,1024,16,,1024,1024,32,98,130,154.89,8,1.6528,20.66,BP lap pinned routed composite,6365.6,,0.08726992187500002,"GL+PT, pinned BP lap route, uniform, data cycles only",0.1934
throughput,4x8,BP T1 as built,1029540.4,3605.3,"unlimited feed (reference, not achievable at 576)",INT4,nominal,4096,16,,1024,1024,128,98,226,226,8,4.531,56.64,BP lap pinned routed composite,6365.6,,0.08726992187500002,"GL+PT, pinned BP lap route, uniform, data cycles only",0.1062
throughput,4x8,BP T1 as built,1029540.4,2301.7,"2 SRAM cycles per data edge; first 576 b held in PE bit pipe (split load, control change only)",INT4,576_int,4096,16,,1024,1024,128,98,226,354,8,2.8927,36.16,BP lap pinned routed composite,6365.6,,0.08726992187500002,"GL+PT, pinned BP lap route, uniform, data cycles only",0.1346
throughput,4x8,BP T1 as built,1029540.4,2502.8,16/9 cycles per data edge; needs sub-word staging that does not exist in BP mode (upper bound),INT4,576_fluid,4096,16,,1024,1024,128,98,226,325.56,8,3.1454,39.32,BP lap pinned routed composite,6365.6,,0.08726992187500002,"GL+PT, pinned BP lap route, uniform, data cycles only",0.1283
throughput,4x8,SC T=128 (plain CSA),1014576.3,511.6,approximate arithmetic (not integer-exact),SC T=128,SC,128,64,,72.0,72.0,128,74,202,202,1.0,0.6337,63.37,CSA pinned routed composite,807.4,,0.5264,"pinned CSA route (comparison.txt), data cycles only",0.6655
throughput,4x8,SC T=128 (plain CSA),1014576.3,753.0,approximate arithmetic (not integer-exact),SC T=128,SC,1024,64,,72.0,72.0,1024,74,1098,1098,1.0,0.9326,93.26,CSA pinned routed composite,807.4,,0.5264,"pinned CSA route (comparison.txt), data cycles only",0.5438
throughput,4x8,SC T=128 (plain CSA),1014576.3,793.1,approximate arithmetic (not integer-exact),SC T=128,SC,4096,64,,72.0,72.0,4096,74,4170,4170,1.0,0.9823,98.23,CSA pinned routed composite,807.4,,0.5264,"pinned CSA route (comparison.txt), data cycles only",0.5308
throughput,4x8,SC T=16 (plain CSA),1014576.3,1148.3,approximate arithmetic (not integer-exact),SC T=16,SC,128,64,,576.0,576.0,16,74,90,90,8.0,1.4222,17.78,CSA pinned routed composite,6459.4,,0.0902,"floating CSA route T sweep (csa_t_sweep_20261003), data cycles only",0.2457
throughput,4x8,SC T=16 (plain CSA),1014576.3,4093.1,approximate arithmetic (not integer-exact),SC T=16,SC,1024,64,,576.0,576.0,128,74,202,202,8.0,5.0693,63.37,CSA pinned routed composite,6459.4,,0.0902,"floating CSA route T sweep (csa_t_sweep_20261003), data cycles only",0.1097
throughput,4x8,SC T=16 (plain CSA),1014576.3,5643.7,approximate arithmetic (not integer-exact),SC T=16,SC,4096,64,,576.0,576.0,512,74,586,586,8.0,6.9898,87.37,CSA pinned routed composite,6459.4,,0.0902,"floating CSA route T sweep (csa_t_sweep_20261003), data cycles only",0.0951
