config,rest_pJ_MAC,fe_pJ_MAC,rng_a_pJ_MAC,rng_w_pJ_MAC,periph_pJ_MAC,clock_fe_pJ_MAC,total_P1,total_P2,total_P4,fe_share_P1_pct,fe_share_P2_pct,fe_share_P4_pct
k1m1n1,9.846080,15.220480,6.019520,6.381760,0.234880,2.584320,25.066560,17.456320,13.651200,60.72,43.60,27.87
k1m2n1,6.568000,14.417120,5.753600,6.170240,0.244320,2.248960,20.985120,13.776560,10.172280,68.70,52.32,35.43
k1m4n1,4.636400,15.235120,5.573680,6.231840,0.235760,3.193840,19.871520,12.253960,8.445180,76.67,62.16,45.10
k1m8n1,4.841720,11.871720,4.117840,4.744520,0.276160,2.733200,16.713440,10.777580,7.809650,71.03,55.08,38.00
k1m16n1,3.312520,12.932180,4.231640,4.765700,0.358060,3.576780,16.244700,9.778610,6.545565,79.61,66.12,49.39
k8m8n8,0.717642,0.073758,0.008499,0.009133,0.047900,0.008226,0.791400,0.754521,0.736081,9.32,4.89,2.51
k8m16n8,0.622847,0.093032,0.008680,0.009422,0.063894,0.011036,0.715879,0.669363,0.646105,13.00,6.95,3.60
k2m1n1,5.444000,5.661280,2.095360,2.109440,0.240640,1.215840,11.105280,8.274640,6.859320,50.98,34.21,20.63
k4m1n1,3.750640,3.793360,1.360720,1.589120,0.246720,0.596800,7.544000,5.647320,4.698980,50.28,33.59,20.18
k8m1n1,2.490560,1.630560,0.490440,0.556000,0.262120,0.322000,4.121120,3.305840,2.898200,39.57,24.66,14.07
k16m1n1,1.774280,0.964920,0.275980,0.265460,0.256980,0.166480,2.739200,2.256740,2.015510,35.23,21.38,11.97
k8m16n1,1.158907,2.000560,0.520610,0.589252,0.338478,0.552223,3.159467,2.159187,1.659047,63.32,46.33,30.15
k8m16n2,0.760363,0.613231,0.136307,0.148901,0.194827,0.133195,1.373593,1.066978,0.913670,44.64,28.74,16.78
k8m16n4,0.698230,0.240400,0.034783,0.038193,0.124123,0.043300,0.938629,0.818429,0.758329,25.61,14.69,7.93
k8m16n6,0.661551,0.145268,0.016465,0.019676,0.087890,0.021237,0.806819,0.734185,0.697868,18.01,9.89,5.20
k8m16n10,0.675336,0.070434,0.005815,0.006299,0.050964,0.007356,0.745769,0.710552,0.692944,9.44,4.96,2.54
