config,compute,acc,pipeline,clock,glue,total_pJ_MAC
k16m1n1,0.409820,0.130540,0.394200,0.363380,0.087020,1.384960
k1m16n1,0.330520,0.133920,0.406960,0.397560,0.080020,1.348980
k1m1n1,1.124800,0.892160,0.491200,1.782720,0.380160,4.671040
k1m1n2,1.156880,0.831280,0.200400,1.644720,0.119920,3.953200
k1m1n4,1.384220,0.893540,0.111800,0.952540,0.029680,3.371780
k1m1n6,1.439218,0.897244,0.086187,1.249191,0.019049,3.690889
k1m1n8,1.437945,0.913420,0.090075,1.435030,0.013165,3.889635
k1m2n1,0.558240,0.433920,0.401280,0.927840,0.268960,2.590240
k1m4n1,0.679600,0.390560,0.395200,0.695680,0.170720,2.331760
k1m8n1,0.421240,0.209640,0.397520,0.585200,0.104520,1.718120
k2m1n1,0.418880,0.524640,0.376640,1.147360,0.189120,2.656640
k4m1n1,0.684800,0.410000,0.386480,0.745680,0.144160,2.371120
k8m1n1,0.463800,0.234400,0.391640,0.552440,0.078040,1.720320
