config,compute,acc,pipeline,clock,glue,total_pJ_cycle
k16m1n1,0.051227,0.016317,0.049275,0.045423,0.010878,0.173120
k1m16n1,0.041315,0.016740,0.050870,0.049695,0.010003,0.168623
k1m1n1,0.008788,0.006970,0.003838,0.013928,0.002970,0.036493
k1m1n2,0.036152,0.025977,0.006262,0.051397,0.003747,0.123537
k1m1n4,0.173028,0.111693,0.013975,0.119068,0.003710,0.421473
k1m1n6,0.404780,0.252350,0.024240,0.351335,0.005357,1.038062
k1m1n8,0.718973,0.456710,0.045038,0.717515,0.006582,1.944818
k1m2n1,0.008722,0.006780,0.006270,0.014497,0.004202,0.040472
k1m4n1,0.021238,0.012205,0.012350,0.021740,0.005335,0.072868
k1m8n1,0.026328,0.013102,0.024845,0.036575,0.006533,0.107383
k2m1n1,0.006545,0.008197,0.005885,0.017927,0.002955,0.041510
k4m1n1,0.021400,0.012813,0.012077,0.023302,0.004505,0.074097
k8m1n1,0.028987,0.014650,0.024477,0.034528,0.004877,0.107520
